Gene_set	Term	Overlap	P-value	Adjusted P-value	Old P-value	Old Adjusted P-value	Odds Ratio	Combined Score	Genes
GO_Biological_Process_2021	regulation of extrinsic apoptotic signaling pathway in absence of ligand (GO:2001239)	4/28	1.5087852242723195e-09	4.420740707117897e-07	0	0	415.9166666666667	8448.08311138964	RET;TERT;FGFR1;MCL1
KEGG_2021_Human	Pathways in cancer	6/531	2.746467687811267e-07	1.5929512589305348e-05	0	0	37.07238095238095	560.0813770650368	RET;NTRK1;TERT;CDKN2A;ARAF;FGFR1
KEGG_2021_Human	Central carbon metabolism in cancer	3/70	8.830724157634384e-06	0.00013941322714261276	0	0	99.1094527363184	1153.3638114615098	RET;NTRK1;FGFR1
KEGG_2021_Human	Melanoma	3/72	9.61470532018019e-06	0.00013941322714261276	0	0	96.2270531400966	1111.6357825284751	CDKN2A;ARAF;FGFR1
KEGG_2021_Human	Non-small cell lung cancer	3/72	9.61470532018019e-06	0.00013941322714261276	0	0	96.2270531400966	1111.6357825284751	RET;CDKN2A;ARAF
GO_Biological_Process_2021	regulation of kinase activity (GO:0043549)	3/94	2.1449603162814258e-05	0.0021200885607993	0	0	72.88278388278388	783.4756718388893	RET;NTRK1;FGFR1
GO_Biological_Process_2021	replicative senescence (GO:0090399)	2/12	2.170739140750197e-05	0.0021200885607993	0	0	399.56	4290.418437618562	TERT;CDKN2A
Reactome_2022	TP53 Regulates Transcription Of Additional Cell Death Genes With Uncertain Roles In P53-Dependent Apoptosis R-HSA-6803205	2/14	2.9910033177640367e-05	0.0039780344126261	0	0	332.93333333333334	3468.271932060884	BCL6;TP63
GO_Biological_Process_2021	positive regulation of kinase activity (GO:0033674)	3/114	3.8219665458485375e-05	0.0025895982075776	0	0	59.69069069069069	607.1832784354182	RET;NTRK1;FGFR1
GO_Biological_Process_2021	regulation of apoptotic process (GO:0042981)	5/742	4.419109569245111e-05	0.0025895982075776	0	0	18.657685597984106	187.08037549536476	NTRK1;BCL6;ARAF;TP63;MCL1
GO_Biological_Process_2021	enzyme linked receptor protein signaling pathway (GO:0007167)	3/140	7.051632109994884e-05	0.0027080056080251	0	0	48.2992700729927	461.72490781114647	RET;NTRK1;FGFR1
GO_Biological_Process_2021	negative regulation of signal transduction in absence of ligand (GO:1901099)	2/23	8.290811266862965e-05	0.0027080056080251	0	0	190.1619047619048	1787.0992964962534	TERT;MCL1
GO_Biological_Process_2021	negative regulation of extrinsic apoptotic signaling pathway in absence of ligand (GO:2001240)	2/23	8.290811266862965e-05	0.0027080056080251	0	0	190.1619047619048	1787.0992964962534	TERT;MCL1
GO_Biological_Process_2021	positive regulation of transferase activity (GO:0051347)	3/148	8.318105963217211e-05	0.0027080056080251	0	0	45.61609195402299	428.5399600579239	RET;NTRK1;FGFR1
GO_Biological_Process_2021	regulation of MAPK cascade (GO:0043408)	3/166	0.0001169185772404188	0.0032519833421315	0	0	40.54192229038855	367.0678936430489	RET;NTRK1;FGFR1
KEGG_2021_Human	Hepatocellular carcinoma	3/168	0.00012113999266658022	0.0014052239149323	0	0	40.04646464646465	361.1615930526552	TERT;CDKN2A;ARAF
GO_Biological_Process_2021	negative regulation of nucleic acid-templated transcription (GO:1903507)	4/464	0.00012208811182063783	0.0032519833421315	0	0	21.22608695652174	191.26333547372903	KDM5C;BCL6;CDKN2A;TP63
GO_Biological_Process_2021	regulation of cellular senescence (GO:2000772)	2/31	0.0001519754404094439	0.0037107336699972	0	0	137.64827586206897	1210.1749591161836	TERT;CDKN2A
GO_Biological_Process_2021	regulation of programmed cell death (GO:0043067)	3/194	0.0001853496101935103	0.0041774950605152	0	0	34.54973821989529	296.895116025438	NTRK1;BCL6;TP63
KEGG_2021_Human	Thyroid cancer	2/37	0.0002172337207618483	0.0020999259673645	0	0	114.01714285714286	961.6817792586728	RET;NTRK1
GO_Biological_Process_2021	regulation of protein kinase B signaling (GO:0051896)	3/207	0.0002243938543673018	0.0044924480100871	0	0	32.326797385620914	271.61323554614285	RET;NTRK1;FGFR1
GO_Biological_Process_2021	negative regulation of cellular macromolecule biosynthetic process (GO:2000113)	4/547	0.00022998880597715644	0.0044924480100871	0	0	17.90515653775322	150.00008935751518	KDM5C;BCL6;CDKN2A;TP63
KEGG_2021_Human	Bladder cancer	2/41	0.00026710895227871097	0.0022131884617378	0	0	102.3025641025641	841.7305532644758	CDKN2A;ARAF
Reactome_2022	TP53 Regulates Transcription Of Cell Death Genes R-HSA-5633008	2/44	0.0003078448301075326	0.0140190964866684	0	0	94.98095238095236	768.0078791048674	BCL6;TP63
KEGG_2021_Human	Calcium signaling pathway	3/240	0.0003465375445121919	0.0025123971977133	0	0	27.77918424753868	221.33118917602707	RET;NTRK1;FGFR1
GO_Biological_Process_2021	positive regulation of phosphorylation (GO:0042327)	3/253	0.0004044319498931147	0.0071343948674138	0	0	26.31733333333333	205.6180376979737	RET;NTRK1;FGFR1
GO_Biological_Process_2021	inositol lipid-mediated signaling (GO:0048017)	2/51	0.0004139409991332273	0.0071343948674138	0	0	81.38367346938776	633.9614904314446	NTRK1;FGFR1
Reactome_2022	Intrinsic Pathway For Apoptosis R-HSA-109606	2/55	0.0004814776145385075	0.0140190964866684	0	0	75.22641509433963	574.6283172633098	CDKN2A;TP63
Reactome_2022	RAF/MAP Kinase Cascade R-HSA-5673001	3/271	0.0004944083284246066	0.0140190964866684	0	0	24.5273631840796	186.7059383869015	RET;ARAF;FGFR1
GO_Biological_Process_2021	peptidyl-tyrosine modification (GO:0018212)	2/56	0.0004991438321826876	0.0078732635293025	0	0	73.82962962962964	561.2983429060394	NTRK1;FGFR1
GO_Biological_Process_2021	positive regulation of MAPK cascade (GO:0043410)	3/274	0.0005105529251083533	0.0078732635293025	0	0	24.25215252152521	183.83171027493816	RET;NTRK1;FGFR1
Reactome_2022	MAPK1/MAPK3 Signaling R-HSA-5684996	3/277	0.0005270337025063338	0.0140190964866684	0	0	23.982968369829685	181.0293465009016	RET;ARAF;FGFR1
KEGG_2021_Human	MAPK signaling pathway	3/294	0.0006269178039436553	0.004040136958748	0	0	22.562428407789238	166.39103067683786	NTRK1;ARAF;FGFR1
GO_Biological_Process_2021	MAPK cascade (GO:0000165)	3/303	0.00068438880460281	0.0100262959874311	0	0	21.875555555555557	159.4068315070772	RET;ARAF;FGFR1
KEGG_2021_Human	MicroRNAs in cancer	3/310	0.0007313516813139349	0.0040939358493519	0	0	21.36916395222584	154.2985296555463	CDKN2A;TP63;MCL1
GO_Biological_Process_2021	peptidyl-tyrosine phosphorylation (GO:0018108)	2/69	0.0007570983460178036	0.0104210122048053	0	0	59.46567164179105	427.3213509710912	NTRK1;FGFR1
Reactome_2022	MAPK Family Signaling Cascades R-HSA-5683057	3/318	0.0007874987620348982	0.0174562225584402	0	0	20.817989417989416	148.7788582448802	RET;ARAF;FGFR1
GO_Biological_Process_2021	phosphatidylinositol-mediated signaling (GO:0048015)	2/71	0.0008014221236830578	0.0104210122048053	0	0	57.73623188405797	411.6086844462245	NTRK1;FGFR1
GO_Biological_Process_2021	regulation of cell population proliferation (GO:0042127)	4/764	0.0008180316747799423	0.0104210122048053	0	0	12.65	89.92391017356226	NTRK1;BCL6;CDKN2A;FGFR1
KEGG_2021_Human	Glioma	2/75	0.0008937564748422882	0.0040939358493519	0	0	54.56164383561644	383.0269529436192	CDKN2A;ARAF
KEGG_2021_Human	Chronic myeloid leukemia	2/76	0.0009176063110616548	0.0040939358493519	0	0	53.82162162162162	376.4145417994182	CDKN2A;ARAF
KEGG_2021_Human	Pancreatic cancer	2/76	0.0009176063110616548	0.0040939358493519	0	0	53.82162162162162	376.4145417994182	CDKN2A;ARAF
GO_Biological_Process_2021	positive regulation of phosphatidylinositol 3-kinase signaling (GO:0014068)	2/77	0.0009417620184047382	0.0114502285114114	0	0	53.101333333333336	369.9972374727496	NTRK1;FGFR1
GO_Biological_Process_2021	regulation of transcription, DNA-templated (GO:0006355)	6/2244	0.0010040406677141	0.0114502285114114	0	0	7.931188561215371	54.75472692713913	RET;KDM5C;BCL6;CDKN2A;KMT2B;TP63
GO_Biological_Process_2021	negative regulation of extrinsic apoptotic signaling pathway (GO:2001237)	2/80	0.0010160612330945	0.0114502285114114	0	0	51.05128205128205	351.8363315571943	TERT;MCL1
Reactome_2022	Transcriptional Regulation By TP53 R-HSA-3700989	3/354	0.0010742113111589	0.0204100149120209	0	0	18.648622981956315	127.48512994318229	BCL6;CDKN2A;TP63
KEGG_2021_Human	PI3K-Akt signaling pathway	3/354	0.0010742113111589	0.0044503040033729	0	0	18.648622981956315	127.48512994318229	NTRK1;FGFR1;MCL1
GO_Biological_Process_2021	positive regulation of neuron projection development (GO:0010976)	2/88	0.0012275727583483	0.0133214377109654	0	0	46.28372093023256	310.22665655623547	RET;NTRK1
GO_Biological_Process_2021	negative regulation of programmed cell death (GO:0043069)	3/381	0.0013278048396253	0.0138945292146505	0	0	17.292768959435627	114.55124774254632	NTRK1;ARAF;MCL1
KEGG_2021_Human	Prostate cancer	2/97	0.0014886277004994	0.0057560271085978	0	0	41.88	272.6346367003197	ARAF;FGFR1
GO_Biological_Process_2021	phosphorylation (GO:0016310)	3/400	0.001527209979306	0.0153479814058039	0	0	16.449202350965574	106.66177255132742	RET;NTRK1;FGFR1
GO_Biological_Process_2021	transmembrane receptor protein tyrosine kinase signaling pathway (GO:0007169)	3/404	0.0015714656729492	0.0153479814058039	0	0	16.281795511221944	105.11114512544422	RET;NTRK1;FGFR1
GO_Biological_Process_2021	regulation of phosphatidylinositol 3-kinase signaling (GO:0014066)	2/106	0.0017739284603038	0.0162351162242521	0	0	38.238461538461536	242.22378008037745	NTRK1;FGFR1
GO_Biological_Process_2021	small GTPase mediated signal transduction (GO:0007264)	2/106	0.0017739284603038	0.0162351162242521	0	0	38.238461538461536	242.22378008037745	RIT1;CDKN2A
KEGG_2021_Human	Parathyroid hormone synthesis, secretion and action	2/106	0.0017739284603038	0.0064304906686015	0	0	38.238461538461536	242.22378008037745	ARAF;FGFR1
Reactome_2022	Interleukin-4 And Interleukin-13 Signaling R-HSA-6785807	2/107	0.0018071154231623	0.0300432939100744	0	0	37.87238095238095	239.20284407557955	BCL6;MCL1
GO_Biological_Process_2021	negative regulation of transcription, DNA-templated (GO:0045892)	4/948	0.0018285284484652	0.0162351162242521	0	0	10.08686440677966	63.59005201592895	KDM5C;BCL6;CDKN2A;TP63
GO_Biological_Process_2021	regulation of intracellular signal transduction (GO:1902531)	3/437	0.0019677850519302	0.0169576770651636	0	0	15.018433179723502	93.57755493565637	NTRK1;ARAF;TP63
GO_Biological_Process_2021	positive regulation of cell projection organization (GO:0031346)	2/117	0.0021552280629365	0.0180423377840117	0	0	34.56173913043478	212.2041957708848	RET;NTRK1
GO_Biological_Process_2021	cellular protein modification process (GO:0006464)	4/1025	0.002437646835122	0.0192270122977172	0	0	9.288442703232125	55.88597864369171	RET;NTRK1;ARAF;FGFR1
GO_Biological_Process_2021	negative regulation of cell growth (GO:0030308)	2/126	0.0024936056904889	0.0192270122977172	0	0	32.038709677419355	192.04084431462337	BCL6;CDKN2A
GO_Biological_Process_2021	negative regulation of growth (GO:0045926)	2/126	0.0024936056904889	0.0192270122977172	0	0	32.038709677419355	192.04084431462337	BCL6;CDKN2A
GO_Biological_Process_2021	negative regulation of apoptotic process (GO:0043066)	3/485	0.0026482776080536	0.0198960343374283	0	0	13.489626556016598	80.04536401146447	NTRK1;ARAF;MCL1
KEGG_2021_Human	FoxO signaling pathway	2/131	0.0026917731636562	0.0091836966760036	0	0	30.789147286821706	182.196476594894	BCL6;ARAF
GO_Biological_Process_2021	protein phosphorylation (GO:0006468)	3/496	0.0028223915135321	0.0199549849490645	0	0	13.181203515889116	77.37591465630487	RET;NTRK1;FGFR1
Reactome_2022	Signaling To P38 Via RIT And RIN R-HSA-187706	1/5	0.0029966530298936	0.0353591372251587	0	0	454.1818181818182	2638.914119276588	NTRK1
GO_Biological_Process_2021	regulation of germinal center formation (GO:0002634)	1/5	0.0029966530298936	0.0199549849490645	0	0	454.1818181818182	2638.914119276588	BCL6
GO_Biological_Process_2021	establishment of protein localization to telomere (GO:0070200)	1/5	0.0029966530298936	0.0199549849490645	0	0	454.1818181818182	2638.914119276588	TERT
GO_Biological_Process_2021	positive regulation of oxidative stress-induced neuron death (GO:1903223)	1/5	0.0029966530298936	0.0199549849490645	0	0	454.1818181818182	2638.914119276588	MCL1
GO_Biological_Process_2021	glial cell-derived neurotrophic factor receptor signaling pathway (GO:0035860)	1/5	0.0029966530298936	0.0199549849490645	0	0	454.1818181818182	2638.914119276588	RET
Reactome_2022	NGF-independant TRKA Activation R-HSA-187024	1/5	0.0029966530298936	0.0353591372251587	0	0	454.1818181818182	2638.914119276588	NTRK1
GO_Biological_Process_2021	positive regulation of nucleic acid-templated transcription (GO:1903508)	3/511	0.0030711057233196	0.0199963105985033	0	0	12.782152230971128	73.95392327900915	RET;KMT2B;TP63
KEGG_2021_Human	Apoptosis	2/142	0.0031531149028135	0.0100476753705866	0	0	28.35428571428572	163.30266533816052	NTRK1;MCL1
GO_Biological_Process_2021	Ras protein signal transduction (GO:0007265)	2/142	0.0031531149028135	0.0200839710113991	0	0	28.35428571428572	163.30266533816052	RIT1;CDKN2A
KEGG_2021_Human	Breast cancer	2/147	0.0033742647269347	0.0100476753705866	0	0	27.369655172413797	155.77652278778595	ARAF;FGFR1
KEGG_2021_Human	Gastric cancer	2/149	0.0034647156450298	0.0100476753705866	0	0	26.99455782312925	152.92753668443217	TERT;ARAF
Reactome_2022	FGFR1b Ligand Binding And Activation R-HSA-190370	1/6	0.0035949984464796	0.0353591372251587	0	0	363.3272727272727	2044.8828145385055	FGFR1
Reactome_2022	Activation Of TRKA Receptors R-HSA-187015	1/6	0.0035949984464796	0.0353591372251587	0	0	363.3272727272727	2044.8828145385055	NTRK1
GO_Biological_Process_2021	regulation of macrophage apoptotic process (GO:2000109)	1/6	0.0035949984464796	0.0217382939924664	0	0	363.3272727272727	2044.8828145385055	CDKN2A
GO_Biological_Process_2021	positive regulation of intracellular signal transduction (GO:1902533)	3/546	0.0037033747287303	0.0217382939924664	0	0	11.936771025168817	66.8281413366424	RET;NTRK1;FGFR1
GO_Biological_Process_2021	regulation of cell differentiation (GO:0045595)	2/156	0.0037902094212865	0.0217382939924664	0	0	25.75844155844156	143.61191514014556	BCL6;FGFR1
Reactome_2022	Regulation Of TP53 Activity R-HSA-5633007	2/157	0.0038378366963694	0.0353591372251587	0	0	25.590967741935483	142.35862358057776	CDKN2A;TP63
GO_Biological_Process_2021	protein autophosphorylation (GO:0046777)	2/159	0.0039339344000685	0.0217382939924664	0	0	25.262420382165605	139.906195173173	NTRK1;FGFR1
GO_Biological_Process_2021	positive regulation of protein kinase B signaling (GO:0051897)	2/161	0.0040311543292946	0.0217382939924664	0	0	24.94213836477988	137.52353090590074	RET;FGFR1
GO_Biological_Process_2021	negative regulation of cellular process (GO:0048523)	3/566	0.0040982120041632	0.0217382939924664	0	0	11.50088809946714	63.22273377913902	NTRK1;BCL6;CDKN2A
GO_Biological_Process_2021	regulation of oxidative stress-induced neuron intrinsic apoptotic signaling pathway (GO:1903376)	1/7	0.0041930151049605	0.0217382939924664	0	0	302.7575757575757	1657.3964565725007	MCL1
Reactome_2022	ARMS-mediated Activation R-HSA-170984	1/7	0.0041930151049605	0.0353591372251587	0	0	302.7575757575757	1657.3964565725007	NTRK1
GO_Biological_Process_2021	histone H3-K4 dimethylation (GO:0044648)	1/7	0.0041930151049605	0.0217382939924664	0	0	302.7575757575757	1657.3964565725007	KMT2B
GO_Biological_Process_2021	positive regulation of fibroblast apoptotic process (GO:2000271)	1/7	0.0041930151049605	0.0217382939924664	0	0	302.7575757575757	1657.3964565725007	TP63
GO_Biological_Process_2021	regulation of endothelial cell chemotaxis to fibroblast growth factor (GO:2000544)	1/7	0.0041930151049605	0.0217382939924664	0	0	302.7575757575757	1657.3964565725007	FGFR1
Reactome_2022	Generic Transcription Pathway R-HSA-212436	4/1190	0.0041972757876913	0.0353591372251587	0	0	7.926644182124789	43.38505685420636	BCL6;CDKN2A;KMT2B;TP63
GO_Biological_Process_2021	regulation of neuron projection development (GO:0010975)	2/165	0.0042289513910258	0.0217382939924664	0	0	24.32515337423313	132.95645286206758	RET;NTRK1
GO_Biological_Process_2021	positive regulation of myeloid cell apoptotic process (GO:0033034)	1/8	0.0047907030934129	0.0226399355866129	0	0	259.4935064935065	1385.975083259077	CDKN2A
GO_Biological_Process_2021	negative regulation of B cell apoptotic process (GO:0002903)	1/8	0.0047907030934129	0.0226399355866129	0	0	259.4935064935065	1385.975083259077	BCL6
GO_Biological_Process_2021	histone H3-K4 demethylation (GO:0034720)	1/8	0.0047907030934129	0.0226399355866129	0	0	259.4935064935065	1385.975083259077	KDM5C
GO_Biological_Process_2021	histone H3-K4 monomethylation (GO:0097692)	1/8	0.0047907030934129	0.0226399355866129	0	0	259.4935064935065	1385.975083259077	KMT2B
Reactome_2022	Gain-of-function MRAS Complexes Activate RAF Signaling R-HSA-9726842	1/8	0.0047907030934129	0.0353591372251587	0	0	259.4935064935065	1385.975083259077	ARAF
GO_Biological_Process_2021	regulation of protein localization to nucleolus (GO:1904749)	1/8	0.0047907030934129	0.0226399355866129	0	0	259.4935064935065	1385.975083259077	TERT
Reactome_2022	Apoptosis R-HSA-109581	2/178	0.0049024996396791	0.0353591372251587	0	0	22.51363636363636	119.7277449704833	CDKN2A;TP63
GO_Biological_Process_2021	regulation of smooth muscle cell apoptotic process (GO:0034391)	1/9	0.0053880625223818	0.0242877279855057	0	0	227.04545454545453	1185.9876925180256	CDKN2A
GO_Biological_Process_2021	positive regulation of smooth muscle cell apoptotic process (GO:0034393)	1/9	0.0053880625223818	0.0242877279855057	0	0	227.04545454545453	1185.9876925180256	CDKN2A
Reactome_2022	PI3K/AKT Activation R-HSA-198203	1/9	0.0053880625223818	0.0353591372251587	0	0	227.04545454545453	1185.9876925180256	NTRK1
Reactome_2022	Activation Of PUMA And Translocation To Mitochondria R-HSA-139915	1/9	0.0053880625223818	0.0353591372251587	0	0	227.04545454545453	1185.9876925180256	TP63
GO_Biological_Process_2021	regulation of fibroblast apoptotic process (GO:2000269)	1/9	0.0053880625223818	0.0242877279855057	0	0	227.04545454545453	1185.9876925180256	TP63
KEGG_2021_Human	Transcriptional misregulation in cancer	2/192	0.0056798092691881	0.0156870922672815	0	0	20.84	107.7602561296154	NTRK1;BCL6
Reactome_2022	RNA Polymerase II Transcription R-HSA-73857	4/1312	0.0059588929641618	0.0353591372251587	0	0	7.140672782874618	36.58074237388022	BCL6;CDKN2A;KMT2B;TP63
GO_Biological_Process_2021	positive regulation of lipase activity (GO:0060193)	1/10	0.0059850935124877	0.0250518914165559	0	0	201.8080808080808	1032.9512945731403	FGFR1
Reactome_2022	RUNX3 Regulates p14-ARF R-HSA-8951936	1/10	0.0059850935124877	0.0353591372251587	0	0	201.8080808080808	1032.9512945731403	CDKN2A
GO_Biological_Process_2021	negative regulation of lymphocyte apoptotic process (GO:0070229)	1/10	0.0059850935124877	0.0250518914165559	0	0	201.8080808080808	1032.9512945731403	BCL6
GO_Biological_Process_2021	production of siRNA involved in RNA interference (GO:0030422)	1/10	0.0059850935124877	0.0250518914165559	0	0	201.8080808080808	1032.9512945731403	TERT
GO_Biological_Process_2021	regulation of hair cycle (GO:0042634)	1/10	0.0059850935124877	0.0250518914165559	0	0	201.8080808080808	1032.9512945731403	TERT
GO_Biological_Process_2021	nerve growth factor signaling pathway (GO:0038180)	1/10	0.0059850935124877	0.0250518914165559	0	0	201.8080808080808	1032.9512945731403	NTRK1
KEGG_2021_Human	Proteoglycans in cancer	2/205	0.006449154881539	0.0170023174149667	0	0	19.492610837438423	98.31695106228902	ARAF;FGFR1
GO_Biological_Process_2021	regulation of phospholipase activity (GO:0010517)	1/11	0.0065817961978748	0.0267842539719073	0	0	181.61818181818185	912.3494182081016	FGFR1
Reactome_2022	Signaling By Activated Point Mutants Of FGFR1 R-HSA-1839122	1/11	0.0065817961978748	0.0353591372251587	0	0	181.61818181818185	912.3494182081016	FGFR1
GO_Biological_Process_2021	positive regulation of leukocyte apoptotic process (GO:2000108)	1/11	0.0065817961978748	0.0267842539719073	0	0	181.61818181818185	912.3494182081016	CDKN2A
Reactome_2022	Programmed Cell Death R-HSA-5357801	2/208	0.0066331305038001	0.0353591372251587	0	0	19.205825242718447	96.3302430872716	CDKN2A;TP63
GO_Biological_Process_2021	negative regulation of production of miRNAs involved in gene silencing by miRNA (GO:1903799)	1/12	0.0071781707148818	0.0273951402827189	0	0	165.099173553719	815.046857216495	TERT
Reactome_2022	FGFR1c Ligand Binding And Activation R-HSA-190373	1/12	0.0071781707148818	0.0353591372251587	0	0	165.099173553719	815.046857216495	FGFR1
Reactome_2022	Frs2-mediated Activation R-HSA-170968	1/12	0.0071781707148818	0.0353591372251587	0	0	165.099173553719	815.046857216495	NTRK1
Reactome_2022	TP53 Regulates Transcription Of Caspase Activators And Caspases R-HSA-6803207	1/12	0.0071781707148818	0.0353591372251587	0	0	165.099173553719	815.046857216495	TP63
GO_Biological_Process_2021	regulation of B cell apoptotic process (GO:0002902)	1/12	0.0071781707148818	0.0273951402827189	0	0	165.099173553719	815.046857216495	BCL6
GO_Biological_Process_2021	negative regulation of gene silencing by miRNA (GO:0060965)	1/12	0.0071781707148818	0.0273951402827189	0	0	165.099173553719	815.046857216495	TERT
GO_Biological_Process_2021	positive regulation of cellular senescence (GO:2000774)	1/12	0.0071781707148818	0.0273951402827189	0	0	165.099173553719	815.046857216495	CDKN2A
Reactome_2022	TP53 Regulates Transcription Of Death Receptors And Ligands R-HSA-6803211	1/12	0.0071781707148818	0.0353591372251587	0	0	165.099173553719	815.046857216495	TP63
GO_Biological_Process_2021	regulation of cell growth (GO:0001558)	2/217	0.0071994054667896	0.0273951402827189	0	0	18.393488372093024	90.74899889118524	BCL6;CDKN2A
KEGG_2021_Human	Regulation of actin cytoskeleton	2/218	0.0072636472447856	0.0177097017433359	0	0	18.307407407407407	90.16166012014216	ARAF;FGFR1
KEGG_2021_Human	Human T-cell leukemia virus 1 infection	2/219	0.0073281524455183	0.0177097017433359	0	0	18.222119815668204	89.58052136414021	TERT;CDKN2A
GO_Biological_Process_2021	positive regulation of cell aging (GO:0090343)	1/13	0.0077742172076079	0.028121551133693	0	0	151.33333333333334	735.0172993440868	CDKN2A
GO_Biological_Process_2021	establishment of protein localization to chromosome (GO:0070199)	1/13	0.0077742172076079	0.028121551133693	0	0	151.33333333333334	735.0172993440868	TERT
GO_Biological_Process_2021	negative regulation of cellular senescence (GO:2000773)	1/13	0.0077742172076079	0.028121551133693	0	0	151.33333333333334	735.0172993440868	TERT
GO_Biological_Process_2021	positive regulation of vascular endothelial cell proliferation (GO:1905564)	1/13	0.0077742172076079	0.028121551133693	0	0	151.33333333333334	735.0172993440868	FGFR1
KEGG_2021_Human	Ras signaling pathway	2/232	0.0081905623757076	0.0190021047116416	0	0	17.180869565217392	82.5501733469963	NTRK1;FGFR1
GO_Biological_Process_2021	positive regulation of regulatory T cell differentiation (GO:0045591)	1/14	0.0083699358209422	0.0299072097016594	0	0	139.6853146853147	668.1300945358273	BCL6
Reactome_2022	Prolonged ERK Activation Events R-HSA-169893	1/14	0.0083699358209422	0.0357579829965222	0	0	139.6853146853147	668.1300945358273	NTRK1
Reactome_2022	Retrograde Neurotrophin Signaling R-HSA-177504	1/14	0.0083699358209422	0.0357579829965222	0	0	139.6853146853147	668.1300945358273	NTRK1
Reactome_2022	Regulation Of TP53 Activity Thru Association With Co-factors R-HSA-6804759	1/14	0.0083699358209422	0.0357579829965222	0	0	139.6853146853147	668.1300945358273	TP63
Reactome_2022	Gene Expression (Transcription) R-HSA-74160	4/1449	0.0084744632907218	0.0357579829965222	0	0	6.4162629757785465	30.61005266530508	BCL6;CDKN2A;KMT2B;TP63
Reactome_2022	Chromatin Modifying Enzymes R-HSA-3247509	2/238	0.0086034244803662	0.0357579829965222	0	0	16.73898305084746	79.60382342527252	KDM5C;KMT2B
GO_Biological_Process_2021	neurotrophin TRK receptor signaling pathway (GO:0048011)	1/15	0.0089653267055102	0.0301935715484427	0	0	129.7012987012987	611.4626002996463	NTRK1
GO_Biological_Process_2021	protein localization to chromosome, telomeric region (GO:0070198)	1/15	0.0089653267055102	0.0301935715484427	0	0	129.7012987012987	611.4626002996463	TERT
GO_Biological_Process_2021	regulation of phospholipase C activity (GO:1900274)	1/15	0.0089653267055102	0.0301935715484427	0	0	129.7012987012987	611.4626002996463	FGFR1
GO_Biological_Process_2021	peptidyl-tyrosine autophosphorylation (GO:0038083)	1/15	0.0089653267055102	0.0301935715484427	0	0	129.7012987012987	611.4626002996463	NTRK1
GO_Biological_Process_2021	positive regulation of endothelial cell chemotaxis (GO:2001028)	1/15	0.0089653267055102	0.0301935715484427	0	0	129.7012987012987	611.4626002996463	FGFR1
Reactome_2022	FGFR1 Ligand Binding And Activation R-HSA-190242	1/16	0.0095603900128118	0.0363294820486848	0	0	121.04848484848485	562.8907982194623	FGFR1
Reactome_2022	FOXO-mediated Transcription Of Cell Death Genes R-HSA-9614657	1/16	0.0095603900128118	0.0363294820486848	0	0	121.04848484848485	562.8907982194623	BCL6
Reactome_2022	Phospholipase C-mediated Cascade: FGFR1 R-HSA-5654219	1/16	0.0095603900128118	0.0363294820486848	0	0	121.04848484848485	562.8907982194623	FGFR1
GO_Biological_Process_2021	negative regulation of anoikis (GO:2000811)	1/16	0.0095603900128118	0.030361753953196	0	0	121.04848484848485	562.8907982194623	MCL1
GO_Biological_Process_2021	sympathetic nervous system development (GO:0048485)	1/16	0.0095603900128118	0.030361753953196	0	0	121.04848484848485	562.8907982194623	NTRK1
GO_Biological_Process_2021	neuron cell-cell adhesion (GO:0007158)	1/16	0.0095603900128118	0.030361753953196	0	0	121.04848484848485	562.8907982194623	RET
GO_Biological_Process_2021	positive regulation of signal transduction (GO:0009967)	2/252	0.0096027530980609	0.030361753953196	0	0	15.7904	73.35754718884216	TERT;TP63
GO_Biological_Process_2021	positive regulation of cell differentiation (GO:0045597)	2/258	0.010046313207274	0.030361753953196	0	0	15.415625	70.92034676198459	TP63;FGFR1
GO_Biological_Process_2021	positive regulation of stem cell proliferation (GO:2000648)	1/17	0.0101551258956082	0.030361753953196	0	0	113.47727272727272	520.8353408254836	TERT
GO_Biological_Process_2021	regulation of stem cell proliferation (GO:0072091)	1/17	0.0101551258956082	0.030361753953196	0	0	113.47727272727272	520.8353408254836	TERT
GO_Biological_Process_2021	negative regulation of cell aging (GO:0090344)	1/17	0.0101551258956082	0.030361753953196	0	0	113.47727272727272	520.8353408254836	TERT
Reactome_2022	Gastrulation R-HSA-9758941	1/17	0.0101551258956082	0.0369225646945225	0	0	113.47727272727272	520.8353408254836	TP63
GO_Biological_Process_2021	embryo development ending in birth or egg hatching (GO:0009792)	1/17	0.0101551258956082	0.030361753953196	0	0	113.47727272727272	520.8353408254836	FGFR1
GO_Biological_Process_2021	RNA interference (GO:0016246)	1/17	0.0101551258956082	0.030361753953196	0	0	113.47727272727272	520.8353408254836	TERT
GO_Biological_Process_2021	DNA biosynthetic process (GO:0071897)	1/17	0.0101551258956082	0.030361753953196	0	0	113.47727272727272	520.8353408254836	TERT
Reactome_2022	Signal Transduction R-HSA-162582	5/2465	0.0106107427182067	0.0369225646945225	0	0	5.089430894308944	23.13598449397155	RET;NTRK1;TERT;ARAF;FGFR1
GO_Biological_Process_2021	regulation of production of miRNAs involved in gene silencing by miRNA (GO:1903798)	1/18	0.0107495345067081	0.0305787729171407	0	0	106.79679144385028	484.0984098875249	TERT
GO_Biological_Process_2021	positive regulation of cell adhesion mediated by integrin (GO:0033630)	1/18	0.0107495345067081	0.0305787729171407	0	0	106.79679144385028	484.0984098875249	RET
GO_Biological_Process_2021	DNA strand elongation (GO:0022616)	1/18	0.0107495345067081	0.0305787729171407	0	0	106.79679144385028	484.0984098875249	TERT
GO_Biological_Process_2021	regulation of vascular endothelial cell proliferation (GO:1905562)	1/18	0.0107495345067081	0.0305787729171407	0	0	106.79679144385028	484.0984098875249	FGFR1
GO_Biological_Process_2021	positive regulation of nitric-oxide synthase activity (GO:0051000)	1/18	0.0107495345067081	0.0305787729171407	0	0	106.79679144385028	484.0984098875249	TERT
GO_Biological_Process_2021	negative regulation of RNA metabolic process (GO:0051253)	1/19	0.0113436160025479	0.0310624251284723	0	0	100.85858585858584	451.7557080600296	TERT
Reactome_2022	Signaling To RAS R-HSA-167044	1/19	0.0113436160025479	0.0369225646945225	0	0	100.85858585858584	451.7557080600296	NTRK1
Reactome_2022	SUMOylation Of Transcription Factors R-HSA-3232118	1/19	0.0113436160025479	0.0369225646945225	0	0	100.85858585858584	451.7557080600296	CDKN2A
GO_Biological_Process_2021	peptidyl-lysine dimethylation (GO:0018027)	1/19	0.0113436160025479	0.0310624251284723	0	0	100.85858585858584	451.7557080600296	KMT2B
GO_Biological_Process_2021	establishment of skin barrier (GO:0061436)	1/19	0.0113436160025479	0.0310624251284723	0	0	100.85858585858584	451.7557080600296	TP63
GO_Biological_Process_2021	regulation of water loss via skin (GO:0033561)	1/19	0.0113436160025479	0.0310624251284723	0	0	100.85858585858584	451.7557080600296	TP63
Reactome_2022	SHC-mediated cascade:FGFR1 R-HSA-5654688	1/20	0.0119373705403343	0.0369225646945225	0	0	95.54545454545456	423.0830518492731	FGFR1
Reactome_2022	TP53 Regulates Transcription Of Genes Involved In Cytochrome C Release R-HSA-6803204	1/20	0.0119373705403343	0.0369225646945225	0	0	95.54545454545456	423.0830518492731	TP63
GO_Biological_Process_2021	negative regulation of cyclin-dependent protein serine/threonine kinase activity (GO:0045736)	1/20	0.0119373705403343	0.031796814257436	0	0	95.54545454545456	423.0830518492731	CDKN2A
Reactome_2022	Apoptotic Factor-Mediated Response R-HSA-111471	1/20	0.0119373705403343	0.0369225646945225	0	0	95.54545454545456	423.0830518492731	CDKN2A
Reactome_2022	Signal Transduction By L1 R-HSA-445144	1/20	0.0119373705403343	0.0369225646945225	0	0	95.54545454545456	423.0830518492731	FGFR1
GO_Biological_Process_2021	production of small RNA involved in gene silencing by RNA (GO:0070918)	1/20	0.0119373705403343	0.031796814257436	0	0	95.54545454545456	423.0830518492731	TERT
GO_Biological_Process_2021	nucleobase-containing compound biosynthetic process (GO:0034654)	1/20	0.0119373705403343	0.031796814257436	0	0	95.54545454545456	423.0830518492731	TERT
GO_Biological_Process_2021	positive regulation of programmed cell death (GO:0043068)	2/286	0.0122353470382272	0.0319262947418847	0	0	13.87605633802817	61.10219028279835	NTRK1;BCL6
GO_Biological_Process_2021	extrinsic apoptotic signaling pathway in absence of ligand (GO:0097192)	1/21	0.0125307982775315	0.0319262947418847	0	0	90.76363636363637	397.5053179562565	MCL1
GO_Biological_Process_2021	autonomic nervous system development (GO:0048483)	1/21	0.0125307982775315	0.0319262947418847	0	0	90.76363636363637	397.5053179562565	NTRK1
Reactome_2022	PI-3K cascade:FGFR1 R-HSA-5654689	1/21	0.0125307982775315	0.0378771857025386	0	0	90.76363636363637	397.5053179562565	FGFR1
GO_Biological_Process_2021	regulation of anoikis (GO:2000209)	1/21	0.0125307982775315	0.0319262947418847	0	0	90.76363636363637	397.5053179562565	MCL1
GO_Biological_Process_2021	neurotrophin signaling pathway (GO:0038179)	1/21	0.0125307982775315	0.0319262947418847	0	0	90.76363636363637	397.5053179562565	NTRK1
Reactome_2022	FRS-mediated FGFR1 Signaling R-HSA-5654693	1/22	0.0131238993688258	0.0387884136900853	0	0	86.43722943722943	374.560203730456	FGFR1
GO_Biological_Process_2021	cellular response to nerve growth factor stimulus (GO:1990090)	1/22	0.0131238993688258	0.0325873094497117	0	0	86.43722943722943	374.560203730456	NTRK1
GO_Biological_Process_2021	negative regulation of phosphate metabolic process (GO:0045936)	1/22	0.0131238993688258	0.0325873094497117	0	0	86.43722943722943	374.560203730456	CDKN2A
GO_Biological_Process_2021	negative regulation of cyclin-dependent protein kinase activity (GO:1904030)	1/22	0.0131238993688258	0.0325873094497117	0	0	86.43722943722943	374.560203730456	CDKN2A
Reactome_2022	Telomere Extension By Telomerase R-HSA-171319	1/23	0.013716673976595	0.039659079106242	0	0	82.50413223140495	353.872030109198	TERT
GO_Biological_Process_2021	positive regulation of apoptotic process (GO:0043065)	2/310	0.0142644808921906	0.0343653509938166	0	0	12.77922077922078	54.31146704320471	BCL6;TP63
Reactome_2022	Defective Intrinsic Pathway For Apoptosis R-HSA-9734009	1/24	0.014309122256811	0.040491771492678	0	0	78.91304347826087	335.1324919763037	CDKN2A
GO_Biological_Process_2021	positive regulation of neuron apoptotic process (GO:0043525)	1/24	0.014309122256811	0.0343653509938166	0	0	78.91304347826087	335.1324919763037	MCL1
GO_Biological_Process_2021	heterochromatin assembly (GO:0031507)	1/24	0.014309122256811	0.0343653509938166	0	0	78.91304347826087	335.1324919763037	CDKN2A
GO_Biological_Process_2021	positive regulation of phospholipase activity (GO:0010518)	1/24	0.014309122256811	0.0343653509938166	0	0	78.91304347826087	335.1324919763037	FGFR1
Reactome_2022	Pyroptosis R-HSA-5620971	1/26	0.0154930404733183	0.0420525384275783	0	0	72.59272727272727	302.5203442580517	TP63
Reactome_2022	HDMs Demethylate Histones R-HSA-3214842	1/26	0.0154930404733183	0.0420525384275783	0	0	72.59272727272727	302.5203442580517	KDM5C
GO_Biological_Process_2021	positive regulation of protein insertion into mitochondrial membrane involved in apoptotic signaling pathway (GO:1900740)	1/26	0.0154930404733183	0.036027467132399	0	0	72.59272727272727	302.5203442580517	TP63
GO_Biological_Process_2021	histone lysine demethylation (GO:0070076)	1/26	0.0154930404733183	0.036027467132399	0	0	72.59272727272727	302.5203442580517	KDM5C
GO_Biological_Process_2021	regulation of protein insertion into mitochondrial membrane involved in apoptotic signaling pathway (GO:1900739)	1/26	0.0154930404733183	0.036027467132399	0	0	72.59272727272727	302.5203442580517	TP63
GO_Biological_Process_2021	regulation of regulatory T cell differentiation (GO:0045589)	1/26	0.0154930404733183	0.036027467132399	0	0	72.59272727272727	302.5203442580517	BCL6
GO_Biological_Process_2021	cellular senescence (GO:0090398)	1/27	0.0160845107297618	0.0371083594001591	0	0	69.7972027972028	288.2553656873905	CDKN2A
GO_Biological_Process_2021	positive regulation of monooxygenase activity (GO:0032770)	1/28	0.0166756552976705	0.0381716172048239	0	0	67.20875420875421	275.1395602176083	TERT
GO_Biological_Process_2021	beta-catenin-TCF complex assembly (GO:1904837)	1/29	0.0172664743371053	0.038618908250167	0	0	64.8051948051948	263.043544162992	TERT
GO_Biological_Process_2021	telomere maintenance via telomerase (GO:0007004)	1/29	0.0172664743371053	0.038618908250167	0	0	64.8051948051948	263.043544162992	TERT
GO_Biological_Process_2021	positive regulation of extrinsic apoptotic signaling pathway (GO:2001238)	1/29	0.0172664743371053	0.038618908250167	0	0	64.8051948051948	263.043544162992	RET
Reactome_2022	Downstream Signaling Of Activated FGFR1 R-HSA-5654687	1/30	0.0178569680089386	0.0456726297151698	0	0	62.56739811912226	251.8563944353508	FGFR1
Reactome_2022	FGFR1 Mutant Receptor Activation R-HSA-1839124	1/30	0.0178569680089386	0.0456726297151698	0	0	62.56739811912226	251.8563944353508	FGFR1
Reactome_2022	Activation Of BH3-only Proteins R-HSA-114452	1/30	0.0178569680089386	0.0456726297151698	0	0	62.56739811912226	251.8563944353508	TP63
GO_Biological_Process_2021	histone H3-K4 methylation (GO:0051568)	1/30	0.0178569680089386	0.0389566498274477	0	0	62.56739811912226	251.8563944353508	KMT2B
GO_Biological_Process_2021	RNA-dependent DNA biosynthetic process (GO:0006278)	1/30	0.0178569680089386	0.0389566498274477	0	0	62.56739811912226	251.8563944353508	TERT
GO_Biological_Process_2021	positive regulation of small GTPase mediated signal transduction (GO:0051057)	1/30	0.0178569680089386	0.0389566498274477	0	0	62.56739811912226	251.8563944353508	NTRK1
GO_Biological_Process_2021	cellular response to DNA damage stimulus (GO:0006974)	2/350	0.0179493096474588	0.0389566498274477	0	0	11.28735632183908	45.37747079652112	BCL6;MCL1
Reactome_2022	RAF Activation R-HSA-5673000	1/32	0.0190369798873027	0.0457951629680616	0	0	58.52492668621701	231.83899894541256	ARAF
GO_Biological_Process_2021	negative regulation of cell-matrix adhesion (GO:0001953)	1/32	0.0190369798873027	0.0407141248684651	0	0	58.52492668621701	231.83899894541256	CDKN2A
GO_Biological_Process_2021	RNA biosynthetic process (GO:0032774)	1/32	0.0190369798873027	0.0407141248684651	0	0	58.52492668621701	231.83899894541256	TERT
Reactome_2022	Negative Regulation Of FGFR1 Signaling R-HSA-5654726	1/33	0.0196264984148835	0.0457951629680616	0	0	56.69318181818182	222.85379213708367	FGFR1
Reactome_2022	Oncogene Induced Senescence R-HSA-2559585	1/33	0.0196264984148835	0.0457951629680616	0	0	56.69318181818182	222.85379213708367	CDKN2A
Reactome_2022	Signaling To ERKs R-HSA-187687	1/33	0.0196264984148835	0.0457951629680616	0	0	56.69318181818182	222.85379213708367	NTRK1
Reactome_2022	Signaling By High-Kinase Activity BRAF Mutants R-HSA-6802948	1/33	0.0196264984148835	0.0457951629680616	0	0	56.69318181818182	222.85379213708367	ARAF
GO_Biological_Process_2021	positive regulation of protein phosphorylation (GO:0001934)	2/371	0.0200306579394611	0.0417126607058327	0	0	10.63360433604336	41.58261705384897	NTRK1;ARAF
GO_Biological_Process_2021	positive regulation of pri-miRNA transcription by RNA polymerase II (GO:1902895)	1/34	0.020215692219209	0.0417126607058327	0	0	54.972451790633606	214.4638136267328	TERT
GO_Biological_Process_2021	positive regulation of mitochondrial outer membrane permeabilization involved in apoptotic signaling pathway (GO:1901030)	1/34	0.020215692219209	0.0417126607058327	0	0	54.972451790633606	214.4638136267328	TP63
GO_Biological_Process_2021	regulation of cell adhesion mediated by integrin (GO:0033628)	1/34	0.020215692219209	0.0417126607058327	0	0	54.972451790633606	214.4638136267328	RET
GO_Biological_Process_2021	histone lysine methylation (GO:0034968)	1/34	0.020215692219209	0.0417126607058327	0	0	54.972451790633606	214.4638136267328	KMT2B
GO_Biological_Process_2021	negative regulation of cell cycle G1/S phase transition (GO:1902807)	1/35	0.0208045614562384	0.0421302703567533	0	0	53.35294117647059	206.61369382894844	CDKN2A
GO_Biological_Process_2021	cellular response to amyloid-beta (GO:1904646)	1/35	0.0208045614562384	0.0421302703567533	0	0	53.35294117647059	206.61369382894844	NTRK1
GO_Biological_Process_2021	negative regulation of cell population proliferation (GO:0008285)	2/379	0.020849451200441	0.0421302703567533	0	0	10.403713527851458	40.26682052590156	NTRK1;CDKN2A
GO_Biological_Process_2021	telomere maintenance via telomere lengthening (GO:0010833)	1/36	0.0213931062881188	0.0429327407014988	0	0	51.82597402597403	199.25462501506232	TERT
Reactome_2022	Signaling By FGFR1 In Disease R-HSA-5655302	1/36	0.0213931062881188	0.047926499590535	0	0	51.82597402597403	199.25462501506232	FGFR1
Reactome_2022	Regulation Of TP53 Degradation R-HSA-6804757	1/36	0.0213931062881188	0.047926499590535	0	0	51.82597402597403	199.25462501506232	CDKN2A
Reactome_2022	Regulation Of TP53 Expression And Degradation R-HSA-6806003	1/37	0.0219813268798694	0.047926499590535	0	0	50.38383838383838	192.34342502593887	CDKN2A
GO_Biological_Process_2021	negative regulation of G1/S transition of mitotic cell cycle (GO:2000134)	1/37	0.0219813268798694	0.0438131209238214	0	0	50.38383838383838	192.34342502593887	CDKN2A
Reactome_2022	MAP2K And MAPK Activation R-HSA-5674135	1/37	0.0219813268798694	0.047926499590535	0	0	50.38383838383838	192.34342502593887	ARAF
Reactome_2022	Signaling By RAF1 Mutants R-HSA-9656223	1/38	0.0225692233861094	0.0482987912281976	0	0	49.01965601965602	185.8417560701345	ARAF
GO_Biological_Process_2021	regulation of nitric-oxide synthase activity (GO:0050999)	1/39	0.0231567959712164	0.0455365182521235	0	0	47.72727272727273	179.71546945510647	TERT
Reactome_2022	Transcriptional Regulation By VENTX R-HSA-8853884	1/39	0.0231567959712164	0.0482987912281976	0	0	47.72727272727273	179.71546945510647	CDKN2A
GO_Biological_Process_2021	membrane protein proteolysis (GO:0033619)	1/39	0.0231567959712164	0.0455365182521235	0	0	47.72727272727273	179.71546945510647	RET
Reactome_2022	Developmental Biology R-HSA-1266738	3/1073	0.0235353475333528	0.0482987912281976	0	0	5.893457943925234	22.09605802594825	RET;TP63;FGFR1
GO_Biological_Process_2021	lymphocyte migration (GO:0072676)	1/40	0.023744044790362	0.0460728816130866	0	0	46.5011655011655	173.93405340895535	RET
GO_Biological_Process_2021	negative regulation of cell-substrate adhesion (GO:0010812)	1/40	0.023744044790362	0.0460728816130866	0	0	46.5011655011655	173.93405340895535	CDKN2A
Reactome_2022	RET Signaling R-HSA-8853659	1/40	0.023744044790362	0.0482987912281976	0	0	46.5011655011655	173.93405340895535	RET
Reactome_2022	Paradoxical Activation Of RAF Signaling By Kinase Inactive BRAF R-HSA-6802955	1/41	0.0243309700172123	0.0482987912281976	0	0	45.33636363636364	168.47016546086343	ARAF
Reactome_2022	Negative Regulation Of MAPK Pathway R-HSA-5675221	1/41	0.0243309700172123	0.0482987912281976	0	0	45.33636363636364	168.47016546086343	ARAF
GO_Biological_Process_2021	regulation of response to DNA damage stimulus (GO:2001020)	1/41	0.0243309700172123	0.0469011461516001	0	0	45.33636363636364	168.47016546086343	MCL1
GO_Biological_Process_2021	regulation of ubiquitin-dependent protein catabolic process (GO:2000058)	1/42	0.0249175717978689	0.0469976612563892	0	0	44.22838137472284	163.29923491461832	ARAF
GO_Biological_Process_2021	skeletal system morphogenesis (GO:0048705)	1/42	0.0249175717978689	0.0469976612563892	0	0	44.22838137472284	163.29923491461832	FGFR1
GO_Biological_Process_2021	nucleic acid-templated transcription (GO:0097659)	1/42	0.0249175717978689	0.0469976612563892	0	0	44.22838137472284	163.29923491461832	TERT
GO_Biological_Process_2021	positive regulation of T cell differentiation (GO:0045582)	1/43	0.0255038503063682	0.0469976612563892	0	0	43.17316017316017	158.39912320457492	BCL6
GO_Biological_Process_2021	positive regulation of phospholipase C activity (GO:0010863)	1/43	0.0255038503063682	0.0469976612563892	0	0	43.17316017316017	158.39912320457492	FGFR1
GO_Biological_Process_2021	cellular response to retinoic acid (GO:0071300)	1/43	0.0255038503063682	0.0469976612563892	0	0	43.17316017316017	158.39912320457492	RET
GO_Biological_Process_2021	positive regulation of neuron differentiation (GO:0045666)	1/43	0.0255038503063682	0.0469976612563892	0	0	43.17316017316017	158.39912320457492	FGFR1
Reactome_2022	Diseases Of Signal Transduction By Growth Factor Receptors And Second Messengers R-HSA-5663202	2/424	0.0257139470886575	0.0502890457602552	0	0	9.27298578199052	33.94582070255918	ARAF;FGFR1
Reactome_2022	PI3K Cascade R-HSA-109704	1/44	0.02608980569517	0.0502890457602552	0	0	42.16701902748415	153.74983290143678	FGFR1
GO_Biological_Process_2021	positive regulation of osteoblast differentiation (GO:0045669)	1/44	0.02608980569517	0.0474802053955578	0	0	42.16701902748415	153.74983290143678	TP63
GO_Biological_Process_2021	response to amyloid-beta (GO:1904645)	1/44	0.02608980569517	0.0474802053955578	0	0	42.16701902748415	153.74983290143678	NTRK1
GO_Biological_Process_2021	regulation of pri-miRNA transcription by RNA polymerase II (GO:1902893)	1/45	0.0266754381277838	0.0479503274321514	0	0	41.20661157024794	149.33325716982057	TERT
GO_Biological_Process_2021	positive regulation of Notch signaling pathway (GO:0045747)	1/45	0.0266754381277838	0.0479503274321514	0	0	41.20661157024794	149.33325716982057	TP63
GO_Biological_Process_2021	positive regulation of response to stimulus (GO:0048584)	1/46	0.0272607477638806	0.048703653017177	0	0	40.28888888888889	145.1329634798573	CDKN2A
Reactome_2022	PKMTs Methylate Histone Lysines R-HSA-3214841	1/47	0.0278457347637399	0.0514372600496862	0	0	39.41106719367589	141.13400615713857	KMT2B
Reactome_2022	IRS-mediated Signaling R-HSA-112399	1/47	0.0278457347637399	0.0514372600496862	0	0	39.41106719367589	141.13400615713857	FGFR1
GO_Biological_Process_2021	epithelial to mesenchymal transition (GO:0001837)	1/47	0.0278457347637399	0.0491493993119023	0	0	39.41106719367589	141.13400615713857	FGFR1
Reactome_2022	Cyclin D Associated Events In G1 R-HSA-69231	1/47	0.0278457347637399	0.0514372600496862	0	0	39.41106719367589	141.13400615713857	CDKN2A
GO_Biological_Process_2021	telomere organization (GO:0032200)	1/47	0.0278457347637399	0.0491493993119023	0	0	39.41106719367589	141.13400615713857	TERT
GO_Biological_Process_2021	negative regulation of mitotic cell cycle (GO:0045930)	1/48	0.0284303992895407	0.0495839701894966	0	0	38.57059961315281	137.3227634294791	BCL6
GO_Biological_Process_2021	positive regulation of blood vessel endothelial cell migration (GO:0043536)	1/48	0.0284303992895407	0.0495839701894966	0	0	38.57059961315281	137.3227634294791	FGFR1
Reactome_2022	Signaling By FGFR1 R-HSA-5654736	1/49	0.0290147415071519	0.0522553303435717	0	0	37.76515151515152	133.68679532449664	FGFR1
Reactome_2022	Signaling By Interleukins R-HSA-449147	2/453	0.0290743943264985	0.0522553303435717	0	0	8.663858093126386	30.651841127454063	BCL6;MCL1
GO_Biological_Process_2021	neuron migration (GO:0001764)	1/50	0.029598761568907	0.0513161960928389	0	0	36.99257884972171	130.2147194065139	FGFR1
Reactome_2022	Extension Of Telomeres R-HSA-180786	1/50	0.029598761568907	0.0524884705155285	0	0	36.99257884972171	130.2147194065139	TERT
Reactome_2022	IRS-related Events Triggered By IGF1R R-HSA-2428928	1/51	0.0301824596395908	0.0527772459404467	0	0	36.25090909090909	126.8961017290174	FGFR1
GO_Biological_Process_2021	mesenchymal cell differentiation (GO:0048762)	1/51	0.0301824596395908	0.0517161442947376	0	0	36.25090909090909	126.8961017290174	FGFR1
GO_Biological_Process_2021	intrinsic apoptotic signaling pathway in response to DNA damage (GO:0008630)	1/51	0.0301824596395908	0.0517161442947376	0	0	36.25090909090909	126.8961017290174	MCL1
GO_Biological_Process_2021	positive regulation of transcription, DNA-templated (GO:0045893)	3/1183	0.0303792435124831	0.0517506880764974	0	0	5.3129943502824855	18.563579323501592	RET;KMT2B;TP63
GO_Biological_Process_2021	regulation of intrinsic apoptotic signaling pathway (GO:2001242)	1/52	0.030765835877853	0.0521063000705835	0	0	35.53832442067736	123.7213609818225	MCL1
Reactome_2022	IGF1R Signaling Cascade R-HSA-2428924	1/52	0.030765835877853	0.0527772459404467	0	0	35.53832442067736	123.7213609818225	FGFR1
Reactome_2022	Insulin Receptor Signaling Cascade R-HSA-74751	1/53	0.0313488904458292	0.0527772459404467	0	0	34.85314685314685	120.68168393395273	FGFR1
Reactome_2022	Signaling By Type 1 Insulin-like Growth Factor 1 Receptor (IGF1R) R-HSA-2404192	1/53	0.0313488904458292	0.0527772459404467	0	0	34.85314685314685	120.68168393395273	FGFR1
GO_Biological_Process_2021	positive regulation of cell population proliferation (GO:0008284)	2/474	0.0316141164330507	0.0531588959459549	0	0	8.269491525423728	28.56407685096841	TERT;FGFR1
GO_Biological_Process_2021	regulation of megakaryocyte differentiation (GO:0045652)	1/54	0.0319316235033722	0.0531588959459549	0	0	34.19382504288165	117.768950701619	KMT2B
GO_Biological_Process_2021	regulation of proteasomal protein catabolic process (GO:0061136)	1/54	0.0319316235033722	0.0531588959459549	0	0	34.19382504288165	117.768950701619	ARAF
Reactome_2022	Regulation Of RUNX3 Expression And Activity R-HSA-8941858	1/54	0.0319316235033722	0.0530863240743563	0	0	34.19382504288165	117.768950701619	CDKN2A
GO_Biological_Process_2021	regulation of blood vessel endothelial cell migration (GO:0043535)	1/55	0.0325140352140577	0.0536693330695606	0	0	33.55892255892256	114.97566851206538	FGFR1
GO_Biological_Process_2021	cellular response to cytokine stimulus (GO:0071345)	2/482	0.0326045777692211	0.0536693330695606	0	0	8.128333333333334	27.825744455648252	BCL6;MCL1
Reactome_2022	Stabilization Of P53 R-HSA-69541	1/56	0.0330961257367998	0.0539657839208565	0	0	32.94710743801653	112.2949128878184	CDKN2A
GO_Biological_Process_2021	telomere maintenance (GO:0000723)	1/56	0.0330961257367998	0.0538731380049019	0	0	32.94710743801653	112.2949128878184	TERT
GO_Biological_Process_2021	positive regulation of establishment of protein localization to mitochondrion (GO:1903749)	1/56	0.0330961257367998	0.0538731380049019	0	0	32.94710743801653	112.2949128878184	TP63
Reactome_2022	NCAM Signaling For Neurite Out-Growth R-HSA-375165	1/57	0.0336778952288052	0.0539657839208565	0	0	32.357142857142854	109.72027527854156	FGFR1
GO_Biological_Process_2021	cellular response to peptide (GO:1901653)	1/57	0.0336778952288052	0.0545172558123752	0	0	32.357142857142854	109.72027527854156	NTRK1
Reactome_2022	Regulated Necrosis R-HSA-5218859	1/57	0.0336778952288052	0.0539657839208565	0	0	32.357142857142854	109.72027527854156	TP63
GO_Biological_Process_2021	positive regulation of protein binding (GO:0032092)	1/58	0.0342593438549205	0.0548523920737252	0	0	31.78787878787879	107.24581633848624	TERT
GO_Biological_Process_2021	chordate embryonic development (GO:0043009)	1/58	0.0342593438549205	0.0548523920737252	0	0	31.78787878787879	107.24581633848624	FGFR1
KEGG_2021_Human	Endometrial cancer	1/58	0.0342593438549205	0.0754750098417793	0	0	31.78787878787879	107.24581633848624	ARAF
Reactome_2022	Signaling By Receptor Tyrosine Kinases R-HSA-9006934	2/496	0.0343678281569651	0.0544157279151947	0	0	7.892307692307693	26.60208364678196	NTRK1;FGFR1
GO_Biological_Process_2021	negative regulation of autophagy (GO:0010507)	1/59	0.0348404717697619	0.0554796642855447	0	0	31.238244514106583	104.86602418496526	MCL1
KEGG_2021_Human	Long-term depression	1/60	0.0354212791446134	0.0754750098417793	0	0	30.70724191063174	102.57577696947943	ARAF
Reactome_2022	Formation Of beta-catenin:TCF Transactivating Complex R-HSA-201722	1/60	0.0354212791446134	0.0554238838380422	0	0	30.70724191063174	102.57577696947943	TERT
GO_Biological_Process_2021	negative regulation of response to stimulus (GO:0048585)	1/61	0.0360017661286567	0.056712459546755	0	0	30.193939393939395	100.37030934492944	TERT
GO_Biological_Process_2021	regulation of DNA-templated transcription, initiation (GO:2000142)	1/61	0.0360017661286567	0.056712459546755	0	0	30.193939393939395	100.37030934492944	CDKN2A
Reactome_2022	Signaling By FGFR In Disease R-HSA-1226099	1/61	0.0360017661286567	0.0556771499431552	0	0	30.193939393939395	100.37030934492944	FGFR1
GO_Biological_Process_2021	response to retinoic acid (GO:0032526)	1/62	0.0365819328842958	0.0573182156957148	0	0	29.69746646795827	98.24518225287432	RET
Reactome_2022	Signaling By BRAF And RAF1 Fusions R-HSA-6802952	1/62	0.0365819328842958	0.0559241042943832	0	0	29.69746646795827	98.24518225287432	ARAF
GO_Biological_Process_2021	positive regulation of Ras protein signal transduction (GO:0046579)	1/63	0.0371617795762726	0.0575948060591545	0	0	29.21700879765396	96.19625574937484	NTRK1
GO_Biological_Process_2021	cell cycle G1/S phase transition (GO:0044843)	1/63	0.0371617795762726	0.0575948060591545	0	0	29.21700879765396	96.19625574937484	CDKN2A
KEGG_2021_Human	Lysine degradation	1/63	0.0371617795762726	0.0754750098417793	0	0	29.21700879765396	96.19625574937484	KMT2B
Reactome_2022	Axon Guidance R-HSA-422475	2/519	0.0373458358884143	0.0564431383313535	0	0	7.532301740812379	24.76269703586505	RET;FGFR1
GO_Biological_Process_2021	regulation of extrinsic apoptotic signaling pathway (GO:2001236)	1/64	0.0377413063595825	0.0575948060591545	0	0	28.751803751803752	94.2196644863216	FGFR1
GO_Biological_Process_2021	regulation of transcription initiation from RNA polymerase II promoter (GO:0060260)	1/64	0.0377413063595825	0.0575948060591545	0	0	28.751803751803752	94.2196644863216	CDKN2A
GO_Biological_Process_2021	negative regulation of intrinsic apoptotic signaling pathway (GO:2001243)	1/64	0.0377413063595825	0.0575948060591545	0	0	28.751803751803752	94.2196644863216	MCL1
Reactome_2022	FOXO-mediated Transcription R-HSA-9614085	1/65	0.0383205133956651	0.0566292031291496	0	0	28.301136363636363	92.31179552985674	BCL6
Reactome_2022	p53-Dependent G1 DNA Damage Response R-HSA-69563	1/65	0.0383205133956651	0.0566292031291496	0	0	28.301136363636363	92.31179552985674	CDKN2A
GO_Biological_Process_2021	regulation of cell-matrix adhesion (GO:0001952)	1/65	0.0383205133956651	0.0581757016835745	0	0	28.301136363636363	92.31179552985674	CDKN2A
GO_Biological_Process_2021	positive regulation of cell death (GO:0010942)	1/66	0.0388994008510199	0.0587501260275713	0	0	27.864335664335663	90.46926829385504	NTRK1
Reactome_2022	RUNX1 Regulates Genes Involved In Megakaryocyte Differentiation And Platelet Function R-HSA-8936459	1/66	0.0388994008510199	0.0568529704745676	0	0	27.864335664335663	90.46926829385504	KMT2B
KEGG_2021_Human	Acute myeloid leukemia	1/67	0.0394779688739908	0.0754750098417793	0	0	27.44077134986226	88.6889163609223	ARAF
KEGG_2021_Human	Long-term potentiation	1/67	0.0394779688739908	0.0754750098417793	0	0	27.44077134986226	88.6889163609223	ARAF
Reactome_2022	G1/S DNA Damage Checkpoints R-HSA-69615	1/67	0.0394779688739908	0.0570714115243564	0	0	27.44077134986226	88.6889163609223	CDKN2A
GO_Biological_Process_2021	positive regulation of protein localization to nucleus (GO:1900182)	1/68	0.0400562176312821	0.0598281665978751	0	0	27.029850746268657	86.96777093294467	TERT
GO_Biological_Process_2021	regulation of myeloid cell differentiation (GO:0045637)	1/68	0.0400562176312821	0.0598281665978751	0	0	27.029850746268657	86.96777093294467	KMT2B
KEGG_2021_Human	Renal cell carcinoma	1/69	0.0406341472797855	0.0754750098417793	0	0	26.63101604278075	85.30304582535365	ARAF
GO_Biological_Process_2021	positive regulation of MAP kinase activity (GO:0043406)	1/69	0.0406341472797855	0.0598281665978751	0	0	26.63101604278075	85.30304582535365	FGFR1
GO_Biological_Process_2021	cellular response to decreased oxygen levels (GO:0036294)	1/69	0.0406341472797855	0.0598281665978751	0	0	26.63101604278075	85.30304582535365	TERT
GO_Biological_Process_2021	negative regulation of cellular catabolic process (GO:0031330)	1/69	0.0406341472797855	0.0598281665978751	0	0	26.63101604278075	85.30304582535365	MCL1
Reactome_2022	Nervous System Development R-HSA-9675108	2/545	0.0408308105477438	0.05839244949301	0	0	7.162062615101289	22.906556085750584	RET;FGFR1
GO_Biological_Process_2021	regulation of G1/S transition of mitotic cell cycle (GO:2000045)	1/71	0.0417890499051231	0.0606148100108965	0	0	25.867532467532467	82.13254394590726	CDKN2A
GO_Biological_Process_2021	regulation of TOR signaling (GO:0032006)	1/71	0.0417890499051231	0.0606148100108965	0	0	25.867532467532467	82.13254394590726	ARAF
KEGG_2021_Human	Adherens junction	1/71	0.0417890499051231	0.0754750098417793	0	0	25.867532467532467	82.13254394590726	FGFR1
GO_Biological_Process_2021	negative regulation of neuron apoptotic process (GO:0043524)	1/71	0.0417890499051231	0.0606148100108965	0	0	25.867532467532467	82.13254394590726	NTRK1
Reactome_2022	Diseases Of Programmed Cell Death R-HSA-9645723	1/71	0.0417890499051231	0.0591270599721424	0	0	25.867532467532467	82.13254394590726	CDKN2A
GO_Biological_Process_2021	extrinsic apoptotic signaling pathway (GO:0097191)	1/72	0.0423660231927322	0.0611489891402489	0	0	25.50192061459667	80.62199058091778	MCL1
KEGG_2021_Human	p53 signaling pathway	1/73	0.0429426780134261	0.0754750098417793	0	0	25.146464646464647	79.15828251915687	CDKN2A
GO_Biological_Process_2021	fibroblast growth factor receptor signaling pathway (GO:0008543)	1/75	0.0440950328838916	0.0633325717400992	0	0	24.464373464373462	76.36329437117712	FGFR1
GO_Biological_Process_2021	regulation of cell division (GO:0051302)	1/76	0.0446707332647378	0.0638464626661862	0	0	24.136969696969697	75.02824312324114	TP63
Reactome_2022	SUMOylation Of DNA Damage Response And Repair Proteins R-HSA-3108214	1/76	0.0446707332647378	0.0615577477771227	0	0	24.136969696969697	75.02824312324114	CDKN2A
Reactome_2022	Signaling By Insulin Receptor R-HSA-74752	1/77	0.045246115804659	0.0615577477771227	0	0	23.818181818181817	73.7324794714548	FGFR1
GO_Biological_Process_2021	positive regulation of endothelial cell proliferation (GO:0001938)	1/77	0.045246115804659	0.0642373489862575	0	0	23.818181818181817	73.7324794714548	FGFR1
Reactome_2022	Constitutive Signaling By Aberrant PI3K In Cancer R-HSA-2219530	1/78	0.0458211806762041	0.0615577477771227	0	0	23.50767414403778	72.47436706660488	FGFR1
GO_Biological_Process_2021	negative regulation of apoptotic signaling pathway (GO:2001234)	1/78	0.0458211806762041	0.0642373489862575	0	0	23.50767414403778	72.47436706660488	MCL1
GO_Biological_Process_2021	protein modification process (GO:0036211)	1/78	0.0458211806762041	0.0642373489862575	0	0	23.50767414403778	72.47436706660488	ARAF
GO_Biological_Process_2021	negative regulation of protein serine/threonine kinase activity (GO:0071901)	1/78	0.0458211806762041	0.0642373489862575	0	0	23.50767414403778	72.47436706660488	CDKN2A
Reactome_2022	Oncogenic MAPK Signaling R-HSA-6802957	1/78	0.0458211806762041	0.0615577477771227	0	0	23.50767414403778	72.47436706660488	ARAF
Reactome_2022	Nuclear Events Mediated By NFE2L2 R-HSA-9759194	1/78	0.0458211806762041	0.0615577477771227	0	0	23.50767414403778	72.47436706660488	CDKN2A
GO_Biological_Process_2021	negative regulation of NF-kappaB transcription factor activity (GO:0032088)	1/79	0.0463959280371103	0.0643098827446634	0	0	23.205128205128204	71.25235746632562	CDKN2A
GO_Biological_Process_2021	regulation of neuron differentiation (GO:0045664)	1/79	0.0463959280371103	0.0643098827446634	0	0	23.205128205128204	71.25235746632562	FGFR1
GO_Biological_Process_2021	positive regulation of cell adhesion (GO:0045785)	1/80	0.0469703580455903	0.0643098827446634	0	0	22.9102416570771	70.06498436559322	RET
GO_Biological_Process_2021	negative regulation of cell cycle (GO:0045786)	1/80	0.0469703580455903	0.0643098827446634	0	0	22.9102416570771	70.06498436559322	CDKN2A
GO_Biological_Process_2021	skin development (GO:0043588)	1/80	0.0469703580455903	0.0643098827446634	0	0	22.9102416570771	70.06498436559322	TP63
Reactome_2022	Senescence-Associated Secretory Phenotype (SASP) R-HSA-2559582	1/81	0.0475444708576345	0.0626080655848058	0	0	22.62272727272727	68.91085828119516	CDKN2A
Reactome_2022	TP53 Regulates Metabolic Genes R-HSA-5628897	1/81	0.0475444708576345	0.0626080655848058	0	0	22.62272727272727	68.91085828119516	TP63
GO_Biological_Process_2021	regulation of cyclin-dependent protein serine/threonine kinase activity (GO:0000079)	1/82	0.0481182666384021	0.0654434928642722	0	0	22.34231200897868	67.78866163441084	CDKN2A
GO_Biological_Process_2021	regulation of Notch signaling pathway (GO:0008593)	1/83	0.048691745544066	0.0654434928642722	0	0	22.068736141906875	66.69714421743119	TP63
GO_Biological_Process_2021	regulation of osteoblast differentiation (GO:0045667)	1/83	0.048691745544066	0.0654434928642722	0	0	22.068736141906875	66.69714421743119	TP63
GO_Biological_Process_2021	regulation of defense response (GO:0031347)	1/83	0.048691745544066	0.0654434928642722	0	0	22.068736141906875	66.69714421743119	BCL6
KEGG_2021_Human	ErbB signaling pathway	1/85	0.0498377533507968	0.0835370397020846	0	0	21.541125541125545	64.60145815655738	ARAF
GO_Biological_Process_2021	G1/S transition of mitotic cell cycle (GO:0000082)	1/85	0.0498377533507968	0.0665324900702763	0	0	21.541125541125545	64.60145815655738	CDKN2A
