Gene_A	Gene_B	Co_Occurrence_Count	Only_KRAS	Only_Gene_B	Neither	P_Value	Log2OR	P_Adj
KRAS	CDK6	0	27	19	1623	0.7322887118806476	-10.0	1.0
KRAS	CCND3	0	27	18	1624	0.7444634626323576	-10.0	1.0
KRAS	WHSC1L1	0	27	17	1625	0.7568330093960953	-10.0	1.0
KRAS	ERBB2	0	27	17	1625	0.7568330093960953	-10.0	1.0
KRAS	CEBPA	0	27	16	1626	0.7694003471904955	-10.0	1.0
KRAS	MDM2	0	27	16	1626	0.7694003471904955	-10.0	1.0
KRAS	AKT2	1	26	54	1588	0.7773918494436525	0.17766797683839716	1.0
KRAS	NOTCH2	0	27	15	1627	0.7821685152139394	-10.0	1.0
KRAS	CDK12	0	27	15	1627	0.7821685152139394	-10.0	1.0
KRAS	VEGFA	0	27	14	1628	0.795140597468716	-10.0	1.0
KRAS	NSD3	0	27	13	1629	0.8083197233936118	-10.0	1.0
KRAS	KMT2B	0	27	13	1629	0.8083197233936118	-10.0	1.0
KRAS	TERT	0	27	12	1630	0.8217090685050398	-10.0	1.0
KRAS	ERCC2	0	27	12	1630	0.8217090685050398	-10.0	1.0
KRAS	YES1	0	27	11	1631	0.8353118550468154	-10.0	1.0
KRAS	FGFR3	0	27	10	1632	0.8491313526486928	-10.0	1.0
KRAS	PRKCI	0	27	10	1632	0.8491313526486928	-10.0	1.0
KRAS	SDHA	0	27	10	1632	0.8491313526486928	-10.0	1.0
KRAS	WHSC1	0	27	10	1632	0.8491313526486928	-10.0	1.0
KRAS	RARA	0	27	9	1633	0.8631708789937723	-10.0	1.0
KRAS	BRIP1	0	27	8	1634	0.8774338004948934	-10.0	1.0
KRAS	MCL1	0	27	8	1634	0.8774338004948934	-10.0	1.0
KRAS	SMARCB1	0	27	7	1635	0.8919235329801302	-10.0	1.0
KRAS	GNAS	0	27	7	1635	0.8919235329801302	-10.0	1.0
KRAS	MAP2K4	0	27	7	1635	0.8919235329801302	-10.0	1.0
KRAS	SDHC	0	27	7	1635	0.8919235329801302	-10.0	1.0
KRAS	PAX5	0	27	7	1635	0.8919235329801302	-10.0	1.0
KRAS	MAPK1	0	27	7	1635	0.8919235329801302	-10.0	1.0
KRAS	CRKL	0	27	7	1635	0.8919235329801302	-10.0	1.0
KRAS	NSD1	0	27	7	1635	0.8919235329801302	-10.0	1.0
KRAS	FGFR1	1	26	33	1609	0.8969901490248638	0.9071147732239008	1.0
KRAS	IL7R	0	27	6	1636	0.906643542387504	-10.0	1.0
KRAS	RICTOR	0	27	6	1636	0.906643542387504	-10.0	1.0
KRAS	KDM6A	0	27	6	1636	0.906643542387504	-10.0	1.0
KRAS	SMARCA4	0	27	6	1636	0.906643542387504	-10.0	1.0
KRAS	FGFR4	0	27	6	1636	0.906643542387504	-10.0	1.0
KRAS	MAP3K14	0	27	6	1636	0.906643542387504	-10.0	1.0
KRAS	TMPRSS2	0	27	6	1636	0.906643542387504	-10.0	1.0
KRAS	CD79B	0	27	6	1636	0.906643542387504	-10.0	1.0
KRAS	TEK	1	26	30	1612	0.9120751829777979	1.0473057147783569	1.0
KRAS	FOXO1	0	27	5	1637	0.9215973454690327	-10.0	1.0
KRAS	AMER1	0	27	5	1637	0.9215973454690327	-10.0	1.0
KRAS	MDC1	0	27	5	1637	0.9215973454690327	-10.0	1.0
KRAS	RTEL1	0	27	5	1637	0.9215973454690327	-10.0	1.0
KRAS	DDR2	0	27	5	1637	0.9215973454690327	-10.0	1.0
KRAS	ARID5B	0	27	5	1637	0.9215973454690327	-10.0	1.0
KRAS	AXL	0	27	5	1637	0.9215973454690327	-10.0	1.0
KRAS	RRAGC	0	27	5	1637	0.9215973454690327	-10.0	1.0
KRAS	DUSP4	0	27	5	1637	0.9215973454690327	-10.0	1.0
KRAS	CCNE1	1	26	28	1614	0.9217110450201204	1.1486302230790841	1.0
KRAS	MTAP	2	25	56	1586	0.9354788650506477	1.1799659438716494	1.0
KRAS	KEAP1	0	27	4	1638	0.9367885105042366	-10.0	1.0
KRAS	TNFRSF14	0	27	4	1638	0.9367885105042366	-10.0	1.0
KRAS	HIST2H3C	0	27	4	1638	0.9367885105042366	-10.0	1.0
KRAS	AURKA	0	27	4	1638	0.9367885105042366	-10.0	1.0
KRAS	STK40	0	27	4	1638	0.9367885105042366	-10.0	1.0
KRAS	TGFBR2	0	27	4	1638	0.9367885105042366	-10.0	1.0
KRAS	LZTR1	0	27	4	1638	0.9367885105042366	-10.0	1.0
KRAS	PTEN	0	27	4	1638	0.9367885105042366	-10.0	1.0
KRAS	FOXA1	0	27	4	1638	0.9367885105042366	-10.0	1.0
KRAS	MET	0	27	4	1638	0.9367885105042366	-10.0	1.0
KRAS	DNMT1	0	27	4	1638	0.9367885105042366	-10.0	1.0
KRAS	NOTCH4	0	27	4	1638	0.9367885105042366	-10.0	1.0
KRAS	LATS2	0	27	4	1638	0.9367885105042366	-10.0	1.0
KRAS	ZRSR2	0	27	4	1638	0.9367885105042366	-10.0	1.0
KRAS	NF2	0	27	4	1638	0.9367885105042366	-10.0	1.0
KRAS	IGF1R	0	27	4	1638	0.9367885105042366	-10.0	1.0
KRAS	KDM5C	0	27	4	1638	0.9367885105042366	-10.0	1.0
KRAS	CDKN1A	0	27	4	1638	0.9367885105042366	-10.0	1.0
KRAS	XPO1	0	27	4	1638	0.9367885105042366	-10.0	1.0
KRAS	NKX2-1	0	27	4	1638	0.9367885105042366	-10.0	1.0
KRAS	CSF3R	0	27	4	1638	0.9367885105042366	-10.0	1.0
KRAS	FAT1	0	27	4	1638	0.9367885105042366	-10.0	1.0
KRAS	EIF1AX	0	27	4	1638	0.9367885105042366	-10.0	1.0
KRAS	VTCN1	0	27	4	1638	0.9367885105042366	-10.0	1.0
KRAS	TRIP13	0	27	4	1638	0.9367885105042366	-10.0	1.0
KRAS	RPS6KB2	0	27	4	1638	0.9367885105042366	-10.0	1.0
KRAS	ARID1A	0	27	4	1638	0.9367885105042366	-10.0	1.0
KRAS	PIM1	0	27	4	1638	0.9367885105042366	-10.0	1.0
KRAS	NFKBIA	0	27	4	1638	0.9367885105042366	-10.0	1.0
KRAS	MDM4	0	27	3	1639	0.9522206580232203	-10.0	1.0
KRAS	RAC2	0	27	3	1639	0.9522206580232203	-10.0	1.0
KRAS	HIST1H3E	0	27	3	1639	0.9522206580232203	-10.0	1.0
KRAS	SETDB1	0	27	3	1639	0.9522206580232203	-10.0	1.0
KRAS	BAP1	0	27	3	1639	0.9522206580232203	-10.0	1.0
KRAS	FGFR2	0	27	3	1639	0.9522206580232203	-10.0	1.0
KRAS	STK11	0	27	3	1639	0.9522206580232203	-10.0	1.0
KRAS	MEN1	0	27	3	1639	0.9522206580232203	-10.0	1.0
KRAS	HIST1H3F	0	27	3	1639	0.9522206580232203	-10.0	1.0
KRAS	HIST1H3D	0	27	3	1639	0.9522206580232203	-10.0	1.0
KRAS	STAT5B	0	27	3	1639	0.9522206580232203	-10.0	1.0
KRAS	STAT5A	0	27	3	1639	0.9522206580232203	-10.0	1.0
KRAS	CARM1	0	27	3	1639	0.9522206580232203	-10.0	1.0
KRAS	HIST1H3G	0	27	3	1639	0.9522206580232203	-10.0	1.0
KRAS	NF1	0	27	3	1639	0.9522206580232203	-10.0	1.0
KRAS	HIST2H3D	0	27	3	1639	0.9522206580232203	-10.0	1.0
KRAS	BMPR1A	0	27	3	1639	0.9522206580232203	-10.0	1.0
KRAS	FAM46C	0	27	3	1639	0.9522206580232203	-10.0	1.0
KRAS	PDCD1	0	27	3	1639	0.9522206580232203	-10.0	1.0
KRAS	ESR1	0	27	3	1639	0.9522206580232203	-10.0	1.0
KRAS	PARP1	0	27	3	1639	0.9522206580232203	-10.0	1.0
KRAS	EP300	0	27	3	1639	0.9522206580232203	-10.0	1.0
KRAS	DROSHA	0	27	3	1639	0.9522206580232203	-10.0	1.0
KRAS	CHEK2	0	27	3	1639	0.9522206580232203	-10.0	1.0
KRAS	BCOR	0	27	3	1639	0.9522206580232203	-10.0	1.0
KRAS	IFNGR1	0	27	3	1639	0.9522206580232203	-10.0	1.0
KRAS	SRC	0	27	3	1639	0.9522206580232203	-10.0	1.0
KRAS	CTNNB1	0	27	3	1639	0.9522206580232203	-10.0	1.0
KRAS	WT1	0	27	3	1639	0.9522206580232203	-10.0	1.0
KRAS	STAT3	0	27	3	1639	0.9522206580232203	-10.0	1.0
KRAS	CD79A	0	27	3	1639	0.9522206580232203	-10.0	1.0
KRAS	IRF4	0	27	3	1639	0.9522206580232203	-10.0	1.0
KRAS	PLK2	0	27	3	1639	0.9522206580232203	-10.0	1.0
KRAS	ERF	0	27	3	1639	0.9522206580232203	-10.0	1.0
KRAS	SPOP	0	27	3	1639	0.9522206580232203	-10.0	1.0
KRAS	FOXP1	0	27	3	1639	0.9522206580232203	-10.0	1.0
KRAS	NEGR1	0	27	3	1639	0.9522206580232203	-10.0	1.0
KRAS	NUF2	0	27	3	1639	0.9522206580232203	-10.0	1.0
KRAS	NTRK1	0	27	3	1639	0.9522206580232203	-10.0	1.0
KRAS	RIT1	0	27	3	1639	0.9522206580232203	-10.0	1.0
KRAS	SOX17	0	27	3	1639	0.9522206580232203	-10.0	1.0
KRAS	CIC	0	27	3	1639	0.9522206580232203	-10.0	1.0
KRAS	IDH2	0	27	3	1639	0.9522206580232203	-10.0	1.0
KRAS	TRAF7	0	27	3	1639	0.9522206580232203	-10.0	1.0
KRAS	TENT5C	0	27	2	1640	0.9678974615394563	-10.0	1.0
KRAS	CSDE1	0	27	2	1640	0.9678974615394563	-10.0	1.0
KRAS	MYCL1	0	27	2	1640	0.9678974615394563	-10.0	1.0
KRAS	NRAS	0	27	2	1640	0.9678974615394563	-10.0	1.0
KRAS	SERPINB4	0	27	2	1640	0.9678974615394563	-10.0	1.0
KRAS	HLA-B	0	27	2	1640	0.9678974615394563	-10.0	1.0
KRAS	MAP3K13	0	27	2	1640	0.9678974615394563	-10.0	1.0
KRAS	AR	0	27	2	1640	0.9678974615394563	-10.0	1.0
KRAS	HGF	0	27	2	1640	0.9678974615394563	-10.0	1.0
KRAS	GRIN2A	0	27	2	1640	0.9678974615394563	-10.0	1.0
KRAS	H3C14	0	27	2	1640	0.9678974615394563	-10.0	1.0
KRAS	ERG	0	27	2	1640	0.9678974615394563	-10.0	1.0
KRAS	RYBP	0	27	2	1640	0.9678974615394563	-10.0	1.0
KRAS	IKBKE	0	27	2	1640	0.9678974615394563	-10.0	1.0
KRAS	AKT3	0	27	2	1640	0.9678974615394563	-10.0	1.0
KRAS	SERPINB3	0	27	2	1640	0.9678974615394563	-10.0	1.0
KRAS	PBRM1	0	27	2	1640	0.9678974615394563	-10.0	1.0
KRAS	H3C11	0	27	2	1640	0.9678974615394563	-10.0	1.0
KRAS	HIST1H2BD	0	27	2	1640	0.9678974615394563	-10.0	1.0
KRAS	ATRX	0	27	2	1640	0.9678974615394563	-10.0	1.0
KRAS	LYN	0	27	2	1640	0.9678974615394563	-10.0	1.0
KRAS	RAD51D	0	27	2	1640	0.9678974615394563	-10.0	1.0
KRAS	ETV1	0	27	2	1640	0.9678974615394563	-10.0	1.0
KRAS	MUTYH	0	27	2	1640	0.9678974615394563	-10.0	1.0
KRAS	PPP2R1A	0	27	2	1640	0.9678974615394563	-10.0	1.0
KRAS	RHEB	0	27	2	1640	0.9678974615394563	-10.0	1.0
KRAS	IL10	0	27	2	1640	0.9678974615394563	-10.0	1.0
KRAS	SMYD3	0	27	2	1640	0.9678974615394563	-10.0	1.0
KRAS	IGF2	0	27	2	1640	0.9678974615394563	-10.0	1.0
KRAS	H3C10	0	27	2	1640	0.9678974615394563	-10.0	1.0
KRAS	MYCL	0	27	2	1640	0.9678974615394563	-10.0	1.0
KRAS	H3C13	0	27	2	1640	0.9678974615394563	-10.0	1.0
KRAS	NTRK2	0	27	2	1640	0.9678974615394563	-10.0	1.0
KRAS	H3C12	0	27	2	1640	0.9678974615394563	-10.0	1.0
KRAS	BTK	0	27	2	1640	0.9678974615394563	-10.0	1.0
KRAS	TSC2	0	27	2	1640	0.9678974615394563	-10.0	1.0
KRAS	FH	0	27	2	1640	0.9678974615394563	-10.0	1.0
KRAS	TNFAIP3	0	27	2	1640	0.9678974615394563	-10.0	1.0
KRAS	FLT3	0	27	2	1640	0.9678974615394563	-10.0	1.0
KRAS	FLT1	0	27	2	1640	0.9678974615394563	-10.0	1.0
KRAS	CDK8	0	27	2	1640	0.9678974615394563	-10.0	1.0
KRAS	PDCD1LG2	0	27	2	1640	0.9678974615394563	-10.0	1.0
KRAS	HIST1H3H	0	27	2	1640	0.9678974615394563	-10.0	1.0
KRAS	HIST1H3I	0	27	2	1640	0.9678974615394563	-10.0	1.0
KRAS	BRAF	0	27	2	1640	0.9678974615394563	-10.0	1.0
KRAS	PRKAR1A	0	27	2	1640	0.9678974615394563	-10.0	1.0
KRAS	HIST1H3J	0	27	2	1640	0.9678974615394563	-10.0	1.0
KRAS	HIST3H3	0	27	2	1640	0.9678974615394563	-10.0	1.0
KRAS	PPM1D	0	27	2	1640	0.9678974615394563	-10.0	1.0
KRAS	RB1	0	27	2	1640	0.9678974615394563	-10.0	1.0
KRAS	NKX3-1	0	27	2	1640	0.9678974615394563	-10.0	1.0
KRAS	ELF3	0	27	2	1640	0.9678974615394563	-10.0	1.0
KRAS	NTHL1	0	27	2	1640	0.9678974615394563	-10.0	1.0
KRAS	MAX	0	27	2	1640	0.9678974615394563	-10.0	1.0
KRAS	SUZ12	0	27	2	1640	0.9678974615394563	-10.0	1.0
KRAS	ZNRF3	0	27	2	1640	0.9678974615394563	-10.0	1.0
KRAS	EZH2	0	27	2	1640	0.9678974615394563	-10.0	1.0
KRAS	PRDM1	0	27	2	1640	0.9678974615394563	-10.0	1.0
KRAS	MSH6	0	27	2	1640	0.9678974615394563	-10.0	1.0
KRAS	INPPL1	0	27	2	1640	0.9678974615394563	-10.0	1.0
KRAS	TET1	0	27	2	1640	0.9678974615394563	-10.0	1.0
KRAS	FBXW7	0	27	2	1640	0.9678974615394563	-10.0	1.0
KRAS	SHQ1	0	27	2	1640	0.9678974615394563	-10.0	1.0
KRAS	AGO2	1	26	14	1628	0.9767497490355889	2.1610903440675506	1.0
KRAS	FGF4	1	26	12	1630	0.9823812098421749	2.3852540302561915	1.0
KRAS	FGF3	1	26	12	1630	0.9823812098421749	2.3852540302561915	1.0
KRAS	MAPK3	0	27	1	1641	0.9838226482923906	-10.0	1.0
KRAS	RAD51C	0	27	1	1641	0.9838226482923906	-10.0	1.0
KRAS	DCUN1D1	0	27	1	1641	0.9838226482923906	-10.0	1.0
KRAS	PRKD1	0	27	1	1641	0.9838226482923906	-10.0	1.0
KRAS	MITF	0	27	1	1641	0.9838226482923906	-10.0	1.0
KRAS	CBL	0	27	1	1641	0.9838226482923906	-10.0	1.0
KRAS	CXCR4	0	27	1	1641	0.9838226482923906	-10.0	1.0
KRAS	CSF1R	0	27	1	1641	0.9838226482923906	-10.0	1.0
KRAS	SH2D1A	0	27	1	1641	0.9838226482923906	-10.0	1.0
KRAS	MYD88	0	27	1	1641	0.9838226482923906	-10.0	1.0
KRAS	AURKB	0	27	1	1641	0.9838226482923906	-10.0	1.0
KRAS	PLCG2	0	27	1	1641	0.9838226482923906	-10.0	1.0
KRAS	ANKRD11	0	27	1	1641	0.9838226482923906	-10.0	1.0
KRAS	SMARCA2	0	27	1	1641	0.9838226482923906	-10.0	1.0
KRAS	PAK7	0	27	1	1641	0.9838226482923906	-10.0	1.0
KRAS	PAK1	0	27	1	1641	0.9838226482923906	-10.0	1.0
KRAS	CREBBP	0	27	1	1641	0.9838226482923906	-10.0	1.0
KRAS	FAM58A	0	27	1	1641	0.9838226482923906	-10.0	1.0
KRAS	CASP8	0	27	1	1641	0.9838226482923906	-10.0	1.0
KRAS	BCL6	0	27	1	1641	0.9838226482923906	-10.0	1.0
KRAS	BCL2L1	0	27	1	1641	0.9838226482923906	-10.0	1.0
KRAS	CDKN2C	0	27	1	1641	0.9838226482923906	-10.0	1.0
KRAS	ARAF	0	27	1	1641	0.9838226482923906	-10.0	1.0
KRAS	MST1R	0	27	1	1641	0.9838226482923906	-10.0	1.0
KRAS	CALR	0	27	1	1641	0.9838226482923906	-10.0	1.0
KRAS	TCF3	0	27	1	1641	0.9838226482923906	-10.0	1.0
KRAS	CYSLTR2	0	27	1	1641	0.9838226482923906	-10.0	1.0
KRAS	KMT2A	0	27	1	1641	0.9838226482923906	-10.0	1.0
KRAS	MEF2B	0	27	1	1641	0.9838226482923906	-10.0	1.0
KRAS	EGFR	0	27	1	1641	0.9838226482923906	-10.0	1.0
KRAS	EPHA3	0	27	1	1641	0.9838226482923906	-10.0	1.0
KRAS	RFWD2	0	27	1	1641	0.9838226482923906	-10.0	1.0
KRAS	MPL	0	27	1	1641	0.9838226482923906	-10.0	1.0
KRAS	INPP4B	0	27	1	1641	0.9838226482923906	-10.0	1.0
KRAS	TBX3	0	27	1	1641	0.9838226482923906	-10.0	1.0
KRAS	ELOC	0	27	1	1641	0.9838226482923906	-10.0	1.0
KRAS	SH2B3	0	27	1	1641	0.9838226482923906	-10.0	1.0
KRAS	YAP1	0	27	1	1641	0.9838226482923906	-10.0	1.0
KRAS	KMT2D	0	27	1	1641	0.9838226482923906	-10.0	1.0
KRAS	PGR	0	27	1	1641	0.9838226482923906	-10.0	1.0
KRAS	STAG2	0	27	1	1641	0.9838226482923906	-10.0	1.0
KRAS	MAPKAP1	0	27	1	1641	0.9838226482923906	-10.0	1.0
KRAS	SOCS1	0	27	1	1641	0.9838226482923906	-10.0	1.0
KRAS	PIK3R3	0	27	1	1641	0.9838226482923906	-10.0	1.0
KRAS	BARD1	0	27	1	1641	0.9838226482923906	-10.0	1.0
KRAS	RAF1	0	27	1	1641	0.9838226482923906	-10.0	1.0
KRAS	HLA-A	0	27	1	1641	0.9838226482923906	-10.0	1.0
KRAS	MLL3	0	27	1	1641	0.9838226482923906	-10.0	1.0
KRAS	ARID2	0	27	1	1641	0.9838226482923906	-10.0	1.0
KRAS	MLL4	0	27	1	1641	0.9838226482923906	-10.0	1.0
KRAS	MLH1	0	27	1	1641	0.9838226482923906	-10.0	1.0
KRAS	HOXB13	0	27	1	1641	0.9838226482923906	-10.0	1.0
KRAS	TAP2	0	27	1	1641	0.9838226482923906	-10.0	1.0
KRAS	TRAF2	0	27	1	1641	0.9838226482923906	-10.0	1.0
KRAS	PTP4A1	0	27	1	1641	0.9838226482923906	-10.0	1.0
KRAS	MST1	0	27	1	1641	0.9838226482923906	-10.0	1.0
KRAS	H3F3A	0	27	1	1641	0.9838226482923906	-10.0	1.0
KRAS	PHOX2B	0	27	1	1641	0.9838226482923906	-10.0	1.0
KRAS	IDH1	0	27	1	1641	0.9838226482923906	-10.0	1.0
KRAS	GNA11	0	27	1	1641	0.9838226482923906	-10.0	1.0
KRAS	PIK3CA	0	27	1	1641	0.9838226482923906	-10.0	1.0
KRAS	CDC73	0	27	1	1641	0.9838226482923906	-10.0	1.0
KRAS	TAP1	0	27	1	1641	0.9838226482923906	-10.0	1.0
KRAS	PPP4R2	0	27	1	1641	0.9838226482923906	-10.0	1.0
KRAS	GPS2	0	27	1	1641	0.9838226482923906	-10.0	1.0
KRAS	B2M	0	27	1	1641	0.9838226482923906	-10.0	1.0
KRAS	BRCA1	0	27	1	1641	0.9838226482923906	-10.0	1.0
KRAS	NUP93	0	27	1	1641	0.9838226482923906	-10.0	1.0
KRAS	EIF4A2	0	27	1	1641	0.9838226482923906	-10.0	1.0
KRAS	SDHAF2	0	27	1	1641	0.9838226482923906	-10.0	1.0
KRAS	FYN	0	27	1	1641	0.9838226482923906	-10.0	1.0
KRAS	FLT4	0	27	1	1641	0.9838226482923906	-10.0	1.0
KRAS	SLX4	0	27	1	1641	0.9838226482923906	-10.0	1.0
KRAS	SMO	0	27	1	1641	0.9838226482923906	-10.0	1.0
KRAS	H3-4	0	27	1	1641	0.9838226482923906	-10.0	1.0
KRAS	XIAP	0	27	1	1641	0.9838226482923906	-10.0	1.0
KRAS	RBM10	0	27	1	1641	0.9838226482923906	-10.0	1.0
KRAS	NCOA3	0	27	1	1641	0.9838226482923906	-10.0	1.0
KRAS	ERCC4	0	27	1	1641	0.9838226482923906	-10.0	1.0
KRAS	EIF2C1	0	27	1	1641	0.9838226482923906	-10.0	1.0
KRAS	SLFN11	0	27	1	1641	0.9838226482923906	-10.0	1.0
KRAS	ALOX12B	0	27	1	1641	0.9838226482923906	-10.0	1.0
KRAS	ERCC5	0	27	1	1641	0.9838226482923906	-10.0	1.0
KRAS	PDGFRB	0	27	1	1641	0.9838226482923906	-10.0	1.0
KRAS	ATR	0	27	1	1641	0.9838226482923906	-10.0	1.0
KRAS	PPP6C	0	27	1	1641	0.9838226482923906	-10.0	1.0
KRAS	ATXN7	0	27	1	1641	0.9838226482923906	-10.0	1.0
KRAS	EPHB1	0	27	1	1641	0.9838226482923906	-10.0	1.0
KRAS	EZH1	0	27	1	1641	0.9838226482923906	-10.0	1.0
KRAS	FANCA	0	27	1	1641	0.9838226482923906	-10.0	1.0
KRAS	SESN2	0	27	1	1641	0.9838226482923906	-10.0	1.0
KRAS	POLD1	0	27	1	1641	0.9838226482923906	-10.0	1.0
KRAS	NPM1	0	27	1	1641	0.9838226482923906	-10.0	1.0
KRAS	TP63	0	27	1	1641	0.9838226482923906	-10.0	1.0
KRAS	BLM	0	27	1	1641	0.9838226482923906	-10.0	1.0
KRAS	PPARG	0	27	1	1641	0.9838226482923906	-10.0	1.0
KRAS	PTPRT	0	27	1	1641	0.9838226482923906	-10.0	1.0
KRAS	TOP1	0	27	1	1641	0.9838226482923906	-10.0	1.0
KRAS	SESN1	0	27	1	1641	0.9838226482923906	-10.0	1.0
KRAS	MAP3K1	0	27	1	1641	0.9838226482923906	-10.0	1.0
KRAS	LATS1	0	27	1	1641	0.9838226482923906	-10.0	1.0
KRAS	TCF7L2	0	27	1	1641	0.9838226482923906	-10.0	1.0
KRAS	GATA3	0	27	1	1641	0.9838226482923906	-10.0	1.0
KRAS	ID3	0	27	1	1641	0.9838226482923906	-10.0	1.0
KRAS	WWTR1	0	27	1	1641	0.9838226482923906	-10.0	1.0
KRAS	DICER1	0	27	1	1641	0.9838226482923906	-10.0	1.0
KRAS	DAXX	0	27	1	1641	0.9838226482923906	-10.0	1.0
KRAS	TSHR	0	27	1	1641	0.9838226482923906	-10.0	1.0
KRAS	RAD51B	0	27	1	1641	0.9838226482923906	-10.0	1.0
KRAS	MED12	0	27	1	1641	0.9838226482923906	-10.0	1.0
KRAS	HIST1H3B	0	27	1	1641	0.9838226482923906	-10.0	1.0
KRAS	HIST1H3C	0	27	1	1641	0.9838226482923906	-10.0	1.0
KRAS	GREM1	0	27	1	1641	0.9838226482923906	-10.0	1.0
KRAS	HIST1H1C	0	27	1	1641	0.9838226482923906	-10.0	1.0
KRAS	SYK	0	27	1	1641	0.9838226482923906	-10.0	1.0
KRAS	HIST1H3A	0	27	1	1641	0.9838226482923906	-10.0	1.0
KRAS	TET2	0	27	1	1641	0.9838226482923906	-10.0	1.0
KRAS	PALB2	0	27	1	1641	0.9838226482923906	-10.0	1.0
KRAS	DOT1L	0	27	1	1641	0.9838226482923906	-10.0	1.0
KRAS	GATA1	0	27	1	1641	0.9838226482923906	-10.0	1.0
KRAS	TP53	0	27	1	1641	0.9838226482923906	-10.0	1.0
KRAS	RAD54L	0	27	1	1641	0.9838226482923906	-10.0	1.0
KRAS	TGFBR1	0	27	1	1641	0.9838226482923906	-10.0	1.0
KRAS	INSR	1	26	11	1631	0.9849425070063474	2.511669729933495	1.0
KRAS	RECQL4	1	26	10	1632	0.9873263286674675	2.6500575289430413	1.0
KRAS	ERBB3	1	26	9	1633	0.9895266160994872	2.8029443559782905	1.0
KRAS	CDK4	1	26	9	1633	0.9895266160994872	2.8029443559782905	1.0
KRAS	NCOR1	1	26	8	1634	0.9915371725038621	2.9737525500045914	1.0
KRAS	CRLF2	1	26	7	1635	0.9933516603767876	3.167280280186749	1.0
KRAS	CCND2	1	26	7	1635	0.9933516603767876	3.167280280186749	1.0
KRAS	PMAIP1	1	26	6	1636	0.9949635988317467	3.3905548140795005	1.0
KRAS	MYC	4	23	66	1576	0.9955847430033122	2.05409574404091	1.0
KRAS	MALT1	1	26	5	1637	0.9963663608766766	3.654470793445699	1.0
KRAS	BCL2	1	26	5	1637	0.9963663608766766	3.654470793445699	1.0
KRAS	FLCN	1	26	5	1637	0.9963663608766766	3.654470793445699	1.0
KRAS	SMAD4	4	23	59	1583	0.9972269393989416	2.222240534718327	1.0
KRAS	SMAD2	1	26	4	1638	0.9975531706450519	3.9772799234999163	1.0
KRAS	CDKN1B	1	26	4	1638	0.9975531706450519	3.9772799234999163	1.0
KRAS	NOTCH3	1	26	4	1638	0.9975531706450519	3.9772799234999163	1.0
KRAS	PIK3C3	1	26	4	1638	0.9975531706450519	3.9772799234999163	1.0
KRAS	STK19	1	26	4	1638	0.9975531706450519	3.9772799234999163	1.0
KRAS	CCND1	2	25	15	1627	0.9977906630508656	3.1172517502892845	1.0
KRAS	BRD4	1	26	3	1639	0.9985171005801716	4.393197920237211	1.0
KRAS	ETV6	1	26	3	1639	0.9985171005801716	4.393197920237211	1.0
KRAS	BRCA2	1	26	3	1639	0.9985171005801716	4.393197920237211	1.0
KRAS	FGF19	2	25	12	1630	0.9987783063916772	3.441837558622559	1.0
KRAS	CDKN2A	10	17	237	1405	0.9991342340592614	1.8020764198470522	1.0
KRAS	CDKN2Ap14ARF	10	17	234	1408	0.9992222762552112	1.8235321526909156	1.0
KRAS	CDKN2Ap16INK4A	10	17	233	1409	0.9992498821660006	1.8307350052923794	1.0
KRAS	CD274	1	26	2	1640	0.9992510685719281	4.979040381364354	1.0
KRAS	JAK2	1	26	2	1640	0.9992510685719281	4.979040381364354	1.0
KRAS	PRDM14	1	26	2	1640	0.9992510685719281	4.979040381364354	1.0
KRAS	IRS2	1	26	2	1640	0.9992510685719281	4.979040381364354	1.0
KRAS	NBN	1	26	2	1640	0.9992510685719281	4.979040381364354	1.0
KRAS	RAD52	2	25	9	1633	0.9994279095435757	3.859527884344658	1.0
KRAS	CDKN2B	10	17	218	1424	0.9995745137250436	1.9420143598264943	1.0
KRAS	KDM5A	2	25	8	1634	0.9995793981213617	4.030336078370959	1.0
KRAS	RAD21	2	25	7	1635	0.9997023679320268	4.223863808553117	1.0
KRAS	GLI1	2	25	7	1635	0.9997023679320268	4.223863808553117	1.0
KRAS	RRAS2	1	26	1	1641	0.999747835045325	5.979919805372621	1.0
KRAS	TCEB1	1	26	1	1641	0.999747835045325	5.979919805372621	1.0
KRAS	PTPRD	2	25	6	1636	0.999799414196624	4.447138342445868	1.0
KRAS	RECQL	6	21	1	1641	0.9999999999998743	8.873004601456108	1.0
KRAS	SERP2	0	27	0	1642	1.0		1.0
KRAS	PIK3C2G	3	24	0	1642	1.0	10.0	1.0
KRAS	SMARCD1	0	27	0	1642	1.0		1.0
KRAS	GATA2	0	27	0	1642	1.0		1.0
KRAS	CTCF	0	27	0	1642	1.0		1.0
KRAS	BCL2L11	0	27	0	1642	1.0		1.0
KRAS	TNFRSF1B	0	27	0	1642	1.0		1.0
KRAS	ESCO2	0	27	0	1642	1.0		1.0
KRAS	LRP1B	0	27	0	1642	1.0		1.0
KRAS	GNA13	0	27	0	1642	1.0		1.0
KRAS	DNMT3B	0	27	0	1642	1.0		1.0
KRAS	DNMT3A	0	27	0	1642	1.0		1.0
KRAS	TRAF5	0	27	0	1642	1.0		1.0
KRAS	PDS5B	0	27	0	1642	1.0		1.0
KRAS	MLL2	0	27	0	1642	1.0		1.0
KRAS	SMG1	0	27	0	1642	1.0		1.0
KRAS	PIK3CB	0	27	0	1642	1.0		1.0
KRAS	PIK3CD	0	27	0	1642	1.0		1.0
KRAS	MIB1	0	27	0	1642	1.0		1.0
KRAS	PIK3CG	0	27	0	1642	1.0		1.0
KRAS	CRBN	0	27	0	1642	1.0		1.0
KRAS	CBLB	0	27	0	1642	1.0		1.0
KRAS	FBXO11	0	27	0	1642	1.0		1.0
KRAS	NUP98	0	27	0	1642	1.0		1.0
KRAS	BCL10	0	27	0	1642	1.0		1.0
KRAS	DIS3	0	27	0	1642	1.0		1.0
KRAS	PTPRS	0	27	0	1642	1.0		1.0
KRAS	GNA12	0	27	0	1642	1.0		1.0
KRAS	FAM175A	0	27	0	1642	1.0		1.0
KRAS	SDHB	0	27	0	1642	1.0		1.0
KRAS	MLL	0	27	0	1642	1.0		1.0
KRAS	SETD2	0	27	0	1642	1.0		1.0
KRAS	SETD7	0	27	0	1642	1.0		1.0
KRAS	PTPN11	0	27	0	1642	1.0		1.0
KRAS	KIT	0	27	0	1642	1.0		1.0
KRAS	RUNX1	0	27	0	1642	1.0		1.0
KRAS	PNRC1	0	27	0	1642	1.0		1.0
KRAS	CHD2	0	27	0	1642	1.0		1.0
KRAS	NOTCH1	0	27	0	1642	1.0		1.0
KRAS	ARHGAP35	0	27	0	1642	1.0		1.0
KRAS	MTOR	0	27	0	1642	1.0		1.0
KRAS	PTCH1	0	27	0	1642	1.0		1.0
KRAS	ACTG1	0	27	0	1642	1.0		1.0
KRAS	KMT5A	0	27	0	1642	1.0		1.0
KRAS	HIST1H1D	0	27	0	1642	1.0		1.0
KRAS	FURIN	0	27	0	1642	1.0		1.0
KRAS	SOX2	0	27	0	1642	1.0		1.0
KRAS	SMARCA1	0	27	0	1642	1.0		1.0
KRAS	BBC3	0	27	0	1642	1.0		1.0
KRAS	ICOSLG	0	27	0	1642	1.0		1.0
KRAS	AXIN2	0	27	0	1642	1.0		1.0
KRAS	HRAS	0	27	0	1642	1.0		1.0
KRAS	GAB2	0	27	0	1642	1.0		1.0
KRAS	HIF1A	0	27	0	1642	1.0		1.0
KRAS	GAB1	0	27	0	1642	1.0		1.0
KRAS	U2AF2	0	27	0	1642	1.0		1.0
KRAS	COP1	0	27	0	1642	1.0		1.0
KRAS	RAC1	0	27	0	1642	1.0		1.0
KRAS	SBDS	0	27	0	1642	1.0		1.0
KRAS	CARD11	0	27	0	1642	1.0		1.0
KRAS	PRKCB	0	27	0	1642	1.0		1.0
KRAS	USP8	0	27	0	1642	1.0		1.0
KRAS	MSH2	0	27	0	1642	1.0		1.0
KRAS	MSH3	0	27	0	1642	1.0		1.0
KRAS	SF3B1	0	27	0	1642	1.0		1.0
KRAS	SRSF2	0	27	0	1642	1.0		1.0
KRAS	EGR2	0	27	0	1642	1.0		1.0
KRAS	EGR1	0	27	0	1642	1.0		1.0
KRAS	JUN	0	27	0	1642	1.0		1.0
KRAS	NFE2	0	27	0	1642	1.0		1.0
KRAS	BABAM1	0	27	0	1642	1.0		1.0
KRAS	CHEK1	0	27	0	1642	1.0		1.0
KRAS	CTLA4	0	27	0	1642	1.0		1.0
KRAS	RAD51	0	27	0	1642	1.0		1.0
KRAS	H2AC6	0	27	0	1642	1.0		1.0
KRAS	CUX1	0	27	0	1642	1.0		1.0
KRAS	PRKN	0	27	0	1642	1.0		1.0
KRAS	IRF1	0	27	0	1642	1.0		1.0
KRAS	PTPN2	0	27	0	1642	1.0		1.0
KRAS	PTPN1	0	27	0	1642	1.0		1.0
KRAS	SRCAP	0	27	0	1642	1.0		1.0
KRAS	GNAQ	0	27	0	1642	1.0		1.0
KRAS	CYP19A1	0	27	0	1642	1.0		1.0
KRAS	SETD1B	0	27	0	1642	1.0		1.0
KRAS	PHF6	0	27	0	1642	1.0		1.0
KRAS	LCK	0	27	0	1642	1.0		1.0
KRAS	NADK	0	27	0	1642	1.0		1.0
KRAS	KNSTRN	0	27	0	1642	1.0		1.0
KRAS	FANCL	0	27	0	1642	1.0		1.0
KRAS	MYO18A	0	27	0	1642	1.0		1.0
KRAS	IRS1	0	27	0	1642	1.0		1.0
KRAS	SHOC2	0	27	0	1642	1.0		1.0
KRAS	RAD50	0	27	0	1642	1.0		1.0
KRAS	FANCE	0	27	0	1642	1.0		1.0
KRAS	FANCC	0	27	0	1642	1.0		1.0
KRAS	MAD2L2	0	27	0	1642	1.0		1.0
KRAS	MKI67	0	27	0	1642	1.0		1.0
KRAS	MOB3B	0	27	0	1642	1.0		1.0
KRAS	UPF1	0	27	0	1642	1.0		1.0
KRAS	BCORL1	0	27	0	1642	1.0		1.0
KRAS	BCR	0	27	0	1642	1.0		1.0
KRAS	STAT6	0	27	0	1642	1.0		1.0
KRAS	PGBD5	0	27	0	1642	1.0		1.0
KRAS	FANCM	0	27	0	1642	1.0		1.0
KRAS	FANCI	0	27	0	1642	1.0		1.0
KRAS	SP140	0	27	0	1642	1.0		1.0
KRAS	TET3	0	27	0	1642	1.0		1.0
KRAS	GNB1	0	27	0	1642	1.0		1.0
KRAS	FOXL2	0	27	0	1642	1.0		1.0
KRAS	HDAC7	0	27	0	1642	1.0		1.0
KRAS	ZFHX4	0	27	0	1642	1.0		1.0
KRAS	ATM	0	27	0	1642	1.0		1.0
KRAS	ZFHX3	0	27	0	1642	1.0		1.0
KRAS	CD58	0	27	0	1642	1.0		1.0
KRAS	KDR	0	27	0	1642	1.0		1.0
KRAS	RPS26	0	27	0	1642	1.0		1.0
KRAS	ERCC3	0	27	0	1642	1.0		1.0
KRAS	EXOSC6	0	27	0	1642	1.0		1.0
KRAS	FANCD2	0	27	0	1642	1.0		1.0
KRAS	MRE11A	0	27	0	1642	1.0		1.0
KRAS	MECOM	0	27	0	1642	1.0		1.0
KRAS	DNAJB1	0	27	0	1642	1.0		1.0
KRAS	FANCG	0	27	0	1642	1.0		1.0
KRAS	FANCF	0	27	0	1642	1.0		1.0
KRAS	APLNR	0	27	0	1642	1.0		1.0
KRAS	TBL1XR1	0	27	0	1642	1.0		1.0
KRAS	SGK1	0	27	0	1642	1.0		1.0
KRAS	VHL	0	27	0	1642	1.0		1.0
KRAS	SOX9	1	26	0	1642	1.0	10.0	1.0
KRAS	CD276	0	27	0	1642	1.0		1.0
KRAS	DTX1	0	27	0	1642	1.0		1.0
KRAS	SPEN	0	27	0	1642	1.0		1.0
KRAS	BIRC3	0	27	0	1642	1.0		1.0
KRAS	MAP2K2	0	27	0	1642	1.0		1.0
KRAS	MAP2K1	0	27	0	1642	1.0		1.0
KRAS	IRF8	0	27	0	1642	1.0		1.0
KRAS	HDAC1	0	27	0	1642	1.0		1.0
KRAS	PDGFRA	0	27	0	1642	1.0		1.0
KRAS	CD70	0	27	0	1642	1.0		1.0
KRAS	HDAC4	0	27	0	1642	1.0		1.0
KRAS	SAMHD1	0	27	0	1642	1.0		1.0
KRAS	AXIN1	0	27	0	1642	1.0		1.0
KRAS	FAS	0	27	0	1642	1.0		1.0
KRAS	TERC	0	27	0	1642	1.0		1.0
KRAS	MLLT1	0	27	0	1642	1.0		1.0
KRAS	NT5C2	0	27	0	1642	1.0		1.0
KRAS	KMT2C	0	27	0	1642	1.0		1.0
KRAS	MGAM	0	27	0	1642	1.0		1.0
KRAS	ITPKB	0	27	0	1642	1.0		1.0
KRAS	IKZF3	0	27	0	1642	1.0		1.0
KRAS	IGF1	0	27	0	1642	1.0		1.0
KRAS	MRE11	0	27	0	1642	1.0		1.0
KRAS	XRCC2	0	27	0	1642	1.0		1.0
KRAS	EIF4E	0	27	0	1642	1.0		1.0
KRAS	EPAS1	0	27	0	1642	1.0		1.0
KRAS	MGA	0	27	0	1642	1.0		1.0
KRAS	APC	0	27	0	1642	1.0		1.0
KRAS	FUBP1	0	27	0	1642	1.0		1.0
KRAS	NCSTN	0	27	0	1642	1.0		1.0
KRAS	RRAS	0	27	0	1642	1.0		1.0
KRAS	SMARCE1	0	27	0	1642	1.0		1.0
KRAS	MYCN	0	27	0	1642	1.0		1.0
KRAS	U2AF1	0	27	0	1642	1.0		1.0
KRAS	MSI2	0	27	0	1642	1.0		1.0
KRAS	MSI1	0	27	0	1642	1.0		1.0
KRAS	RAB35	0	27	0	1642	1.0		1.0
KRAS	TP53BP1	0	27	0	1642	1.0		1.0
KRAS	EPCAM	0	27	0	1642	1.0		1.0
KRAS	ARID3A	0	27	0	1642	1.0		1.0
KRAS	KLHL6	0	27	0	1642	1.0		1.0
KRAS	ARID3C	0	27	0	1642	1.0		1.0
KRAS	ARID3B	0	27	0	1642	1.0		1.0
KRAS	CENPA	0	27	0	1642	1.0		1.0
KRAS	H2AC17	0	27	0	1642	1.0		1.0
KRAS	ARID1B	0	27	0	1642	1.0		1.0
KRAS	PLCG1	0	27	0	1642	1.0		1.0
KRAS	DDX41	0	27	0	1642	1.0		1.0
KRAS	ARHGEF28	0	27	0	1642	1.0		1.0
KRAS	H3C2	0	27	0	1642	1.0		1.0
KRAS	H3C3	0	27	0	1642	1.0		1.0
KRAS	H3C1	0	27	0	1642	1.0		1.0
KRAS	H3C6	0	27	0	1642	1.0		1.0
KRAS	H3C7	0	27	0	1642	1.0		1.0
KRAS	H3C4	0	27	0	1642	1.0		1.0
KRAS	H3C8	0	27	0	1642	1.0		1.0
KRAS	SETD1A	0	27	0	1642	1.0		1.0
KRAS	AKT1	0	27	0	1642	1.0		1.0
KRAS	CYLD	0	27	0	1642	1.0		1.0
KRAS	ROS1	0	27	0	1642	1.0		1.0
KRAS	NFE2L2	0	27	0	1642	1.0		1.0
KRAS	YLPM1	0	27	0	1642	1.0		1.0
KRAS	NTRK3	0	27	0	1642	1.0		1.0
KRAS	UBR5	0	27	0	1642	1.0		1.0
KRAS	HIST1H2AL	0	27	0	1642	1.0		1.0
KRAS	MPEG1	0	27	0	1642	1.0		1.0
KRAS	CD28	0	27	0	1642	1.0		1.0
KRAS	DDX3X	0	27	0	1642	1.0		1.0
KRAS	SETD4	0	27	0	1642	1.0		1.0
KRAS	SETD5	0	27	0	1642	1.0		1.0
KRAS	CBFB	0	27	0	1642	1.0		1.0
KRAS	FOXF1	0	27	0	1642	1.0		1.0
KRAS	CDH1	0	27	0	1642	1.0		1.0
KRAS	SETD6	0	27	0	1642	1.0		1.0
KRAS	EP400	0	27	0	1642	1.0		1.0
KRAS	EED	0	27	0	1642	1.0		1.0
KRAS	ARID4B	0	27	0	1642	1.0		1.0
KRAS	KBTBD4	0	27	0	1642	1.0		1.0
KRAS	PREX2	0	27	0	1642	1.0		1.0
KRAS	PMS1	0	27	0	1642	1.0		1.0
KRAS	PMS2	0	27	0	1642	1.0		1.0
KRAS	CCNQ	0	27	0	1642	1.0		1.0
KRAS	SOCS3	0	27	0	1642	1.0		1.0
KRAS	SOCS2	0	27	0	1642	1.0		1.0
KRAS	ROBO1	0	27	0	1642	1.0		1.0
KRAS	FTSJD1	0	27	0	1642	1.0		1.0
KRAS	POLE	0	27	0	1642	1.0		1.0
KRAS	GSK3B	0	27	0	1642	1.0		1.0
KRAS	E2F3	0	27	0	1642	1.0		1.0
KRAS	SPRED1	0	27	0	1642	1.0		1.0
KRAS	MYOD1	0	27	0	1642	1.0		1.0
KRAS	KLF5	0	27	0	1642	1.0		1.0
KRAS	KLF4	0	27	0	1642	1.0		1.0
KRAS	KLF2	0	27	0	1642	1.0		1.0
KRAS	ETNK1	0	27	0	1642	1.0		1.0
KRAS	ATP6V1B2	0	27	0	1642	1.0		1.0
KRAS	REST	0	27	0	1642	1.0		1.0
KRAS	P2RY8	0	27	0	1642	1.0		1.0
KRAS	SUFU	0	27	0	1642	1.0		1.0
KRAS	INPP4A	0	27	0	1642	1.0		1.0
KRAS	EGFL7	0	27	0	1642	1.0		1.0
KRAS	SETD3	0	27	0	1642	1.0		1.0
KRAS	HLA-C	0	27	0	1642	1.0		1.0
KRAS	EZHIP	0	27	0	1642	1.0		1.0
KRAS	TRAF3	0	27	0	1642	1.0		1.0
KRAS	METTL23	0	27	0	1642	1.0		1.0
KRAS	RUNX1T1	0	27	0	1642	1.0		1.0
KRAS	CUL3	0	27	0	1642	1.0		1.0
KRAS	CDC42	0	27	0	1642	1.0		1.0
KRAS	HNF1A	0	27	0	1642	1.0		1.0
KRAS	RPTOR	0	27	0	1642	1.0		1.0
KRAS	ASXL1	0	27	0	1642	1.0		1.0
KRAS	CTR9	0	27	0	1642	1.0		1.0
KRAS	PIK3R2	0	27	0	1642	1.0		1.0
KRAS	PIK3R1	0	27	0	1642	1.0		1.0
KRAS	PCBP1	0	27	0	1642	1.0		1.0
KRAS	SMC1A	0	27	0	1642	1.0		1.0
KRAS	NXF1	0	27	0	1642	1.0		1.0
KRAS	STAG1	0	27	0	1642	1.0		1.0
KRAS	RNF43	0	27	0	1642	1.0		1.0
KRAS	ABRAXAS1	0	27	0	1642	1.0		1.0
KRAS	FOXO3	0	27	0	1642	1.0		1.0
KRAS	ALK	0	27	0	1642	1.0		1.0
KRAS	ARID5A	0	27	0	1642	1.0		1.0
KRAS	LMO1	0	27	0	1642	1.0		1.0
KRAS	ALB	0	27	0	1642	1.0		1.0
KRAS	RHOH	0	27	0	1642	1.0		1.0
KRAS	HIST1H2BC	0	27	0	1642	1.0		1.0
KRAS	RHOA	0	27	0	1642	1.0		1.0
KRAS	HIST1H2BJ	0	27	0	1642	1.0		1.0
KRAS	HIST1H2BK	0	27	0	1642	1.0		1.0
KRAS	INHA	0	27	0	1642	1.0		1.0
KRAS	ETV5	0	27	0	1642	1.0		1.0
KRAS	ETV4	0	27	0	1642	1.0		1.0
KRAS	ZMYM3	0	27	0	1642	1.0		1.0
KRAS	HIST1H2BO	0	27	0	1642	1.0		1.0
KRAS	CIITA	0	27	0	1642	1.0		1.0
KRAS	SMC3	0	27	0	1642	1.0		1.0
KRAS	VAV1	0	27	0	1642	1.0		1.0
KRAS	VAV2	0	27	0	1642	1.0		1.0
KRAS	EPHA7	0	27	0	1642	1.0		1.0
KRAS	EPHA5	0	27	0	1642	1.0		1.0
KRAS	POT1	0	27	0	1642	1.0		1.0
KRAS	H2AC16	0	27	0	1642	1.0		1.0
KRAS	ABL1	0	27	0	1642	1.0		1.0
KRAS	IKZF1	0	27	0	1642	1.0		1.0
KRAS	H1-3	0	27	0	1642	1.0		1.0
KRAS	JARID2	0	27	0	1642	1.0		1.0
KRAS	RXRA	0	27	0	1642	1.0		1.0
KRAS	LTB	0	27	0	1642	1.0		1.0
KRAS	ZNF292	0	27	0	1642	1.0		1.0
KRAS	RPS6KA4	0	27	0	1642	1.0		1.0
KRAS	ANKRD26	0	27	0	1642	1.0		1.0
KRAS	HIST1H2BG	0	27	0	1642	1.0		1.0
KRAS	MYBBP1A	0	27	0	1642	1.0		1.0
KRAS	ATXN2	0	27	0	1642	1.0		1.0
KRAS	SESN3	0	27	0	1642	1.0		1.0
KRAS	NCOR2	0	27	0	1642	1.0		1.0
KRAS	BTG1	0	27	0	1642	1.0		1.0
KRAS	RASA1	0	27	0	1642	1.0		1.0
KRAS	PHIP	0	27	0	1642	1.0		1.0
KRAS	H2B17	0	27	0	1642	1.0		1.0
KRAS	ATP6AP1	0	27	0	1642	1.0		1.0
KRAS	RET	0	27	0	1642	1.0		1.0
KRAS	SMAD3	0	27	0	1642	1.0		1.0
KRAS	REL	0	27	0	1642	1.0		1.0
KRAS	TSC1	0	27	0	1642	1.0		1.0
KRAS	JAK1	0	27	0	1642	1.0		1.0
KRAS	KSR2	0	27	0	1642	1.0		1.0
KRAS	GTF2I	0	27	0	1642	1.0		1.0
KRAS	FAM123B	0	27	0	1642	1.0		1.0
KRAS	TMEM127	1	26	0	1642	1.0	10.0	1.0
KRAS	ASXL2	0	27	0	1642	1.0		1.0
KRAS	SPRTN	0	27	0	1642	1.0		1.0
KRAS	PIGA	0	27	0	1642	1.0		1.0
KRAS	HIST1H2AG	0	27	0	1642	1.0		1.0
KRAS	H2BC4	0	27	0	1642	1.0		1.0
KRAS	H2BC5	0	27	0	1642	1.0		1.0
KRAS	H2BC8	0	27	0	1642	1.0		1.0
KRAS	HIST1H1E	0	27	0	1642	1.0		1.0
KRAS	HIST1H1B	0	27	0	1642	1.0		1.0
KRAS	SOS1	0	27	0	1642	1.0		1.0
KRAS	ZEB2	0	27	0	1642	1.0		1.0
KRAS	SETBP1	0	27	0	1642	1.0		1.0
KRAS	TYK2	0	27	0	1642	1.0		1.0
KRAS	ETAA1	0	27	0	1642	1.0		1.0
KRAS	BACH2	0	27	0	1642	1.0		1.0
KRAS	ACVR1	0	27	0	1642	1.0		1.0
KRAS	RPS15	0	27	0	1642	1.0		1.0
KRAS	ZNF318	0	27	0	1642	1.0		1.0
KRAS	RPS19	0	27	0	1642	1.0		1.0
KRAS	JUNB	0	27	0	1642	1.0		1.0
KRAS	BCL11B	0	27	0	1642	1.0		1.0
KRAS	HIST1H2AM	0	27	0	1642	1.0		1.0
KRAS	ARID4A	0	27	0	1642	1.0		1.0
KRAS	HIST1H2AC	0	27	0	1642	1.0		1.0
KRAS	XBP1	0	27	0	1642	1.0		1.0
KRAS	FAF1	0	27	0	1642	1.0		1.0
KRAS	H3F3B	0	27	0	1642	1.0		1.0
KRAS	MAP3K6	0	27	0	1642	1.0		1.0
KRAS	MAP3K7	0	27	0	1642	1.0		1.0
KRAS	PARK2	0	27	0	1642	1.0		1.0
KRAS	INHBA	0	27	0	1642	1.0		1.0
KRAS	H1-4	0	27	0	1642	1.0		1.0
KRAS	H1-2	0	27	0	1642	1.0		1.0
KRAS	H3-5	3	24	0	1642	1.0	10.0	1.0
KRAS	H3F3C	9	18	0	1642	1.0	10.0	1.0
KRAS	SETDB2	0	27	0	1642	1.0		1.0
KRAS	JAK3	0	27	0	1642	1.0		1.0
KRAS	H1-B	0	27	0	1642	1.0		1.0
KRAS	ERBB4	0	27	0	1642	1.0		1.0
KRAS	SETD8	0	27	0	1642	1.0		1.0
KRAS	DUSP22	0	27	0	1642	1.0		1.0
KRAS	H3-3A	0	27	0	1642	1.0		1.0
KRAS	H3-3B	0	27	0	1642	1.0		1.0
KRAS	SDHD	0	27	0	1642	1.0		1.0
KRAS	SCG5	0	27	0	1642	1.0		1.0
KRAS	ERRFI1	0	27	0	1642	1.0		1.0
KRAS	PDPK1	0	27	0	1642	1.0		1.0
